種別,名称,緯度,経度
消火栓,蒲田-251,35.5400991,139.707046
消火栓,蒲田-250,35.5402102,139.706688
消火栓,蒲田-398,35.540438,139.709471
消火栓,蒲田-248,35.5404574,139.707293
消火栓,蒲田-399,35.5404852,139.710573
消火栓,蒲田-249,35.5405046,139.707818
消火栓,蒲田-400,35.5408685,139.710848
消火栓,蒲田-1284,35.5410269,139.711537
消火栓,蒲田-1213,35.5410462,139.709112
消火栓,蒲田-403,35.5410491,139.711951
消火栓,蒲田-1068,35.5410906,139.707954
消火栓,蒲田-396,35.5412046,139.709801
消火栓,蒲田-247,35.5412239,139.707321
消火栓,蒲田-1230,35.5413213,139.712476
消火栓,蒲田-401,35.5413851,139.710959
消火栓,蒲田-481,35.5414796,139.713329
消火栓,蒲田-402,35.5415435,139.711068
消火栓,蒲田-1438,35.5417741,139.716059
消火栓,蒲田-480,35.5417935,139.71242
消火栓,蒲田-1057,35.5418157,139.711896
消火栓,蒲田-243,35.5418794,139.707593
消火栓,蒲田-986,35.5419518,139.714184
消火栓,蒲田-242,35.5419683,139.708285
消火栓,蒲田-244,35.5420378,139.709798
消火栓,蒲田-482,35.5420435,139.714018
消火栓,蒲田-1208,35.542224,139.714018
消火栓,蒲田-170,35.5423766,139.70911
消火栓,蒲田-1270,35.542588,139.718237
消火栓,蒲田-394,35.5426489,139.710818
消火栓,蒲田-1552,35.5426768,139.715892
消火栓,蒲田-1362,35.5426933,139.710157
消火栓,蒲田-395,35.542785,139.712032
消火栓,蒲田-1056,35.5428294,139.711232
消火栓,蒲田-479,35.5428767,139.712776
消火栓,蒲田-239,35.5429183,139.710571
消火栓,蒲田-241,35.5429377,139.708612
消火栓,蒲田-1273,35.5429935,139.7192
消火栓,蒲田-474,35.5430823,139.716967
消火栓,蒲田-240,35.5432321,139.709826
消火栓,蒲田-475,35.5432822,139.71479
消火栓,蒲田-1084,35.5433016,139.711976
消火栓,蒲田-1332,35.5434126,139.70919
消火栓,蒲田-1365,35.543424,139.719834
消火栓,蒲田-478,35.5435072,139.713051
消火栓,蒲田-473,35.5435129,139.718206
消火栓,蒲田-477,35.5435988,139.713629
消火栓,蒲田-1551,35.543735,139.716195
消火栓,蒲田-236,35.5437515,139.708804
消火栓,蒲田-1209,35.5438683,139.71509
消火栓,蒲田-392,35.5439099,139.711698
消火栓,蒲田-455,35.5439628,139.719475
消火栓,蒲田-454,35.5440073,139.718786
消火栓,蒲田-1010,35.544071,139.714098
消火栓,蒲田-470,35.5441627,139.715503
消火栓,蒲田-472,35.54421,139.717681
消火栓,蒲田-456,35.5442573,139.720356
消火栓,蒲田-469,35.5443432,139.71454
消火栓,蒲田-238,35.5443626,139.711782
消火栓,蒲田-1070,35.5444515,139.71112
消火栓,蒲田-1261,35.5444794,139.718206
消火栓,蒲田-237,35.5445181,139.710926
消火栓,蒲田-465,35.5445238,139.716192
消火栓,蒲田-390,35.5445432,139.713684
消火栓,蒲田-235,35.5446514,139.709079
消火栓,蒲田-234,35.5446542,139.710071
消火栓,蒲田-468,35.5447487,139.714787
消火栓,蒲田-1172,35.5447488,139.716495
消火栓,蒲田-466,35.544771,139.715889
消火栓,蒲田-1257,35.5448655,139.719198
消火栓,蒲田-452,35.5449322,139.720272
消火栓,蒲田-1408,35.5449523,139.743984
消火栓,蒲田-391,35.5449931,139.71247
消火栓,蒲田-464,35.5451099,139.717434
消火栓,蒲田-1407,35.5451579,139.745942
消火栓,蒲田-1589,35.54516,139.723058
消火栓,蒲田-1591,35.5451656,139.72653
消火栓,蒲田-446,35.545246,139.718398
消火栓,蒲田-387,35.5452904,139.71517
消火栓,蒲田-1508,35.5453133,139.743268
消火栓,蒲田-948,35.5453356,139.743543
消火栓,蒲田-1001,35.5453541,139.711448
消火栓,蒲田-445,35.5454043,139.718231
消火栓,蒲田-996,35.5454273,139.746492
消火栓,蒲田-389,35.5454459,139.713987
消火栓,蒲田-1065,35.5454602,139.728902
消火栓,蒲田-232,35.5454624,139.709518
消火栓,蒲田-1160,35.5454738,139.7187
消火栓,蒲田-1422,35.5455046,139.729949
消火栓,蒲田-229,35.5455097,139.711587
消火栓,蒲田-463,35.5455154,139.716825
消火栓,蒲田-1587,35.545521,139.721347
消火栓,蒲田-1586,35.5455432,139.720933
消火栓,蒲田-1094,35.5455598,139.715501
消火栓,蒲田-1595,35.5455712,139.727055
消火栓,蒲田-958,35.5455856,139.745115
消火栓,蒲田-1361,35.5455884,139.748451
消火栓,蒲田-975,35.5455885,139.749223
消火栓,蒲田-228,35.5456014,139.712718
消火栓,蒲田-1072,35.5456049,139.739654
消火栓,蒲田-1053,35.5456271,139.740482
消火栓,蒲田-447,35.5456321,139.719528
消火栓,蒲田-451,35.5456321,139.719942
消火栓,蒲田-1099,35.5456715,139.739104
消火栓,蒲田-1590,35.5456822,139.72438
消火栓,蒲田-1418,35.5457353,139.734802
消火栓,蒲田-750,35.545774,139.7278
消火栓,蒲田-1310,35.5457768,139.731327
消火栓,蒲田-946,35.5457855,139.743515
消火栓,蒲田-1071,35.5458076,139.740262
消火栓,蒲田-231,35.5458263,139.710429
消火栓,蒲田-956,35.5458328,139.744729
消火栓,蒲田-1450,35.5458493,139.738443
消火栓,蒲田-1588,35.5458599,139.721817
消火栓,蒲田-418,35.54586,139.723305
消火栓,蒲田-1490,35.5458607,139.751125
消火栓,蒲田-462,35.5458764,139.716026
消火栓,蒲田-936,35.5458993,139.742193
消火栓,蒲田-940,35.5459882,139.742579
消火栓,蒲田-974,35.545994,139.748589
消火栓,蒲田-420,35.5459961,139.725233
消火栓,蒲田-746,35.5460018,139.72973
消火栓,蒲田-1385,35.5460047,139.73381
消火栓,蒲田-448,35.5460154,139.72052
消火栓,蒲田-461,35.5460348,139.71732
消火栓,蒲田-710,35.5460548,139.740343
消火栓,蒲田-949,35.5460577,139.744204
消火栓,蒲田-1027,35.5461021,139.741668
消火栓,蒲田-960,35.546105,139.746962
消火栓,蒲田-978,35.5461079,139.751675
消火栓,蒲田-734,35.5461157,139.731163
消火栓,蒲田-440,35.5461265,139.719886
消火栓,蒲田-230,35.5461402,139.711173
消火栓,蒲田-1592,35.5461572,139.726833
消火栓,蒲田-444,35.5461709,139.718892
消火栓,蒲田-711,35.5461881,139.738774
消火栓,蒲田-720,35.5462075,139.734996
消火栓,蒲田-707,35.5462131,139.739985
消火栓,蒲田-460,35.5462153,139.718092
消火栓,蒲田-961,35.5462161,139.745995
消火栓,蒲田-1164,35.5462182,139.720603
消火栓,蒲田-1330,35.546221,139.722147
消火栓,蒲田-729,35.5462296,139.732402
消火栓,蒲田-955,35.5462383,139.745143
消火栓,蒲田-233,35.5462569,139.713212
消火栓,蒲田-718,35.5462769,139.735932
消火栓,蒲田-1480,35.5462791,139.712412
消火栓,蒲田-388,35.5463013,139.713709
消火栓,蒲田-1324,35.5463271,139.743432
消火栓,蒲田-728,35.5463435,139.733643
消火栓,蒲田-419,35.5463572,139.724791
消火栓,蒲田-1532,35.546358,139.755703
消火栓,蒲田-439,35.5463765,139.7214
消火栓,蒲田-1553,35.546446,139.722036
消火栓,蒲田-976,35.5464467,139.750903
消火栓,蒲田-1436,35.5464625,139.716659
消火栓,蒲田-969,35.5464883,139.748726
消火栓,蒲田-747,35.5464961,139.728624
消火栓,蒲田-719,35.5465019,139.735904
消火栓,蒲田-1254,35.5465127,139.723111
消火栓,蒲田-417,35.5465349,139.723358
消火栓,蒲田-1533,35.5465608,139.756005
消火栓,蒲田-792,35.5465713,139.73651
消火栓,蒲田-712,35.5465714,139.73709
消火栓,蒲田-441,35.5466014,139.719828
消火栓,蒲田-973,35.5466022,139.749773
消火栓,蒲田-745,35.5466101,139.729922
消火栓,蒲田-386,35.546618,139.715226
消火栓,蒲田-962,35.5466216,139.74674
消火栓,蒲田-225,35.5466595,139.710398
消火栓,蒲田-1311,35.5466853,139.74026
消火栓,蒲田-937,35.5466881,139.742082
消火栓,蒲田-443,35.5467125,139.718478
消火栓,蒲田-733,35.546724,139.731271
消火栓,蒲田-945,35.5467326,139.743679
消火栓,蒲田-442,35.5467347,139.719056
消火栓,蒲田-1476,35.5467405,139.725922
消火栓,蒲田-1248,35.5467433,139.727769
消火栓,蒲田-227,35.5467512,139.712659
消火栓,蒲田-1246,35.5467713,139.73571
消火栓,蒲田-1026,35.5467799,139.747456
消火栓,蒲田-226,35.5467957,139.711834
消火栓,蒲田-721,35.5468157,139.734993
消火栓,蒲田-947,35.5468243,139.744948
消火栓,蒲田-1400,35.5468264,139.719278
消火栓,蒲田-730,35.5468601,139.732569
消火栓,蒲田-979,35.5469189,139.751428
消火栓,蒲田-385,35.5469318,139.713956
消火栓,蒲田-1383,35.5469432,139.724986
消火栓,蒲田-1029,35.5469575,139.741668
消火栓,蒲田-1329,35.5469876,139.724241
消火栓,蒲田-722,35.5470185,139.73436
消火栓,蒲田-990,35.547027,139.743515
消火栓,蒲田-752,35.5470349,139.727136
消火栓,蒲田-977,35.5470772,139.750684
消火栓,蒲田-902,35.5470772,139.751206
消火栓,蒲田-1534,35.5470801,139.755703
消火栓,蒲田-354,35.5470937,139.742079
消火栓,蒲田-971,35.5470994,139.74947
消火栓,蒲田-1446,35.5471073,139.73243
消火栓,蒲田-727,35.5471073,139.733643
消火栓,蒲田-1323,35.5471159,139.743543
消火栓,蒲田-967,35.547141,139.747787
消火栓,蒲田-970,35.5471438,139.748614
消火栓,蒲田-224,35.5471539,139.71004
消火栓,蒲田-1547,35.5471653,139.721869
消火栓,蒲田-706,35.5471825,139.740948
消火栓,蒲田-953,35.5471854,139.745195
消火栓,蒲田-1328,35.5471904,139.724958
消火栓,蒲田-1513,35.5472011,139.711031
消火栓,蒲田-934,35.5472047,139.741418
消火栓,蒲田-1550,35.5472126,139.723689
消火栓,蒲田-431,35.5472541,139.718423
消火栓,蒲田-1548,35.547257,139.722669
消火栓,蒲田-1594,35.5472598,139.72548
消火栓,蒲田-743,35.5472628,139.729783
消火栓,蒲田-430,35.5472735,139.717484
消火栓,蒲田-954,35.5472771,139.746078
消火栓,蒲田-744,35.5473072,139.72923
消火栓,蒲田-903,35.5473466,139.75027
消火栓,蒲田-433,35.5473903,139.719939
消火栓,蒲田-748,35.547396,139.728569
消火栓,蒲田-715,35.5474046,139.736427
消火栓,蒲田-963,35.5474104,139.746959
消火栓,蒲田-944,35.5474326,139.744479
消火栓,蒲田-382,35.5474762,139.715939
消火栓,蒲田-1593,35.547507,139.726858
消火栓,蒲田-1535,35.5475079,139.755314
消火栓,蒲田-218,35.5475429,139.714176
消火栓,蒲田-754,35.5475515,139.725811
消火栓,蒲田-1503,35.5475823,139.735627
消火栓,蒲田-708,35.547588,139.740176
消火栓,蒲田-982,35.5475881,139.743265
消火栓,蒲田-735,35.5476016,139.731077
消火栓,蒲田-429,35.5476374,139.718917
消火栓,蒲田-1456,35.5476411,139.750903
消火栓,蒲田-731,35.5476489,139.732235
消火栓,蒲田-726,35.5476934,139.733724
消火栓,蒲田-384,35.5476984,139.714423
消火栓,蒲田-972,35.5477049,139.748973
消火栓,蒲田-1021,35.5477241,139.742023
消火栓,蒲田-1531,35.5477292,139.722861
消火栓,蒲田-1327,35.5477571,139.727327
消火栓,蒲田-415,35.5477764,139.724433
消火栓,蒲田-1059,35.5478317,139.712576
消火栓,蒲田-1098,35.547841,139.749662
消火栓,蒲田-901,35.5478438,139.751675
消火栓,蒲田-756,35.5478488,139.728347
消火栓,蒲田-221,35.5478539,139.711887
消火栓,蒲田-1023,35.5478603,139.743376
消火栓,蒲田-1393,35.5478796,139.740784
消火栓,蒲田-966,35.5478854,139.748256
消火栓,蒲田-1546,35.5478875,139.72195
消火栓,蒲田-1412,35.547904,139.7174
消火栓,蒲田-1472,35.5479706,139.713953
消火栓,蒲田-1483,35.5479928,139.713817
消火栓,蒲田-1322,35.5479964,139.743734
消火栓,蒲田-1279,35.54801,139.733282
消火栓,蒲田-950,35.5480186,139.744892
消火栓,蒲田-467,35.548038,139.741609
消火栓,蒲田-952,35.5480631,139.745609
消火栓,蒲田-427,35.5480652,139.720792
消火栓,蒲田-755,35.5480709,139.726416
消火栓,蒲田-222,35.5480788,139.711223
消火栓,蒲田-1093,35.5480902,139.721453
消火栓,蒲田-1618,35.5481103,139.747512
消火栓,蒲田-1536,35.5481161,139.754239
消火栓,蒲田-757,35.5481181,139.727188
消火栓,蒲田-1085,35.5481289,139.715028
消火栓,蒲田-736,35.5481432,139.72978
消火栓,蒲田-764,35.5481848,139.725811
消火栓,蒲田-939,35.5481963,139.742273
消火栓,蒲田-1528,35.5482049,139.753356
消火栓,蒲田-713,35.5482378,139.736757
消火栓,蒲田-1288,35.5482765,139.729919
消火栓,蒲田-723,35.5482822,139.734743
消火栓,蒲田-381,35.5482873,139.716739
消火栓,蒲田-1025,35.548288,139.742962
消火栓,蒲田-1384,35.548293,139.722722
消火栓,蒲田-1101,35.5482937,139.750075
消火栓,蒲田-765,35.5482958,139.724872
消火栓,蒲田-732,35.5483016,139.732124
消火栓,蒲田-220,35.5483066,139.712437
消火栓,蒲田-964,35.5483131,139.746601
消火栓,蒲田-1390,35.5483596,139.722005
消火栓,蒲田-905,35.5483604,139.750709
消火栓,蒲田-1549,35.5483625,139.723714
消火栓,蒲田-414,35.5484069,139.724486
消火栓,蒲田-933,35.5484213,139.74114
消火栓,蒲田-943,35.5484241,139.744065
消火栓,蒲田-1214,35.5484263,139.720322
消火栓,蒲田-1278,35.5484349,139.731269
消火栓,蒲田-428,35.5484484,139.71875
消火栓,蒲田-1392,35.5484879,139.740754
消火栓,蒲田-709,35.5485101,139.740121
消火栓,蒲田-1389,35.5485596,139.719578
消火栓,蒲田-1477,35.548576,139.71092
消火栓,蒲田-217,35.5486011,139.714837
消火栓,蒲田-1092,35.5486233,139.712878
消火栓,蒲田-951,35.5486491,139.745304
消火栓,蒲田-380,35.5486928,139.715275
消火栓,蒲田-909,35.5486992,139.749386
消火栓,蒲田-1414,35.5487014,139.724955
消火栓,蒲田-1055,35.5487157,139.741526
消火栓,蒲田-1066,35.5487265,139.729696
消火栓,蒲田-739,35.5487515,139.730249
消火栓,蒲田-425,35.5487651,139.721536
消火栓,蒲田-741,35.5487709,139.728485
消火栓,蒲田-1315,35.5487853,139.746601
消火栓,蒲田-1309,35.5487873,139.719964
消火栓,蒲田-215,35.5488038,139.713237
消火栓,蒲田-957,35.5488074,139.744587
消火栓,蒲田-1295,35.5488182,139.730994
消火栓,蒲田-653,35.548821,139.733557
消火栓,蒲田-216,35.548826,139.71387
消火栓,蒲田-412,35.5488346,139.722419
消火栓,蒲田-1364,35.5489213,139.744754
消火栓,蒲田-1049,35.5489292,139.729063
消火栓,蒲田-1294,35.5489407,139.742187
消火栓,蒲田-941,35.5489407,139.743568
消火栓,蒲田-704,35.5489629,139.740782
消火栓,蒲田-1543,35.5489736,139.727463
消火栓,蒲田-1416,35.548993,139.724211
消火栓,蒲田-714,35.5490044,139.736176
消火栓,蒲田-1515,35.5490073,139.742079
消火栓,蒲田-910,35.5491019,139.748337
消火栓,蒲田-1173,35.5491184,139.740121
消火栓,蒲田-214,35.5491621,139.712517
消火栓,蒲田-376,35.5491678,139.717453
消火栓,蒲田-426,35.5491706,139.719522
消火栓,蒲田-1016,35.5491965,139.752142
消火栓,蒲田-763,35.5491985,139.725727
消火栓,蒲田-738,35.5492014,139.730221
消火栓,蒲田-1617,35.5492186,139.751067
消火栓,蒲田-1176,35.5492322,139.739623
消火栓,蒲田-219,35.549243,139.72658
消火栓,蒲田-411,35.5492623,139.722997
消火栓,蒲田-646,35.5492767,139.741498
消火栓,蒲田-1413,35.5492874,139.724486
消火栓,蒲田-213,35.5493204,139.711554
消火栓,蒲田-1175,35.5493211,139.737693
消火栓,蒲田-1249,35.5493404,139.734191
消火栓,蒲田-1043,35.5493684,139.742768
消火栓,蒲田-907,35.5493964,139.750406
消火栓,蒲田-1174,35.5494099,139.736371
消火栓,蒲田-918,35.5494407,139.747095
消火栓,蒲田-1428,35.5494737,139.73331
消火栓,蒲田-1201,35.5494765,139.734879
消火栓,蒲田-1091,35.5494873,139.721672
消火栓,蒲田-1308,35.5495203,139.711056
消火栓,蒲田-766,35.5495346,139.7249
消火栓,蒲田-1202,35.5495432,139.733832
消火栓,蒲田-1277,35.5495489,139.741001
消火栓,蒲田-900,35.5495575,139.752197
消火栓,蒲田-375,35.5496205,139.718806
消火栓,蒲田-1312,35.5496213,139.748448
消火栓,蒲田-1033,35.5496371,139.714723
消火栓,蒲田-919,35.5496407,139.745662
消火栓,蒲田-410,35.5496456,139.723244
消火栓,蒲田-1203,35.5496764,139.73113
消火栓,蒲田-767,35.5496929,139.72385
消火栓,蒲田-206,35.5497065,139.7158
消火栓,蒲田-379,35.5497066,139.716159
消火栓,蒲田-1420,35.549718,139.729696
消火栓,蒲田-1427,35.5497208,139.730027
消火栓,蒲田-1441,35.5497259,139.712545
消火栓,蒲田-377,35.549776,139.716956
消火栓,蒲田-920,35.5497767,139.744312
消火栓,蒲田-424,35.5497789,139.72035
消火栓,蒲田-1437,35.5498097,139.729449
消火栓,蒲田-1313,35.5498212,139.746434
消火栓,蒲田-207,35.5498398,139.713787
消火栓,蒲田-1024,35.5498405,139.740257
消火栓,蒲田-409,35.5498484,139.722169
消火栓,蒲田-205,35.5498649,139.715798
消火栓,蒲田-927,35.5498878,139.743345
消火栓,蒲田-931,35.5499544,139.741304
消火栓,蒲田-991,35.5499623,139.723603
消火栓,蒲田-898,35.5499631,139.7525
消火栓,蒲田-253,35.5499788,139.717286
消火栓,蒲田-663,35.5499902,139.729696
消火栓,蒲田-930,35.5499989,139.742076
消火栓,蒲田-1097,35.5500017,139.74489
消火栓,蒲田-911,35.5500046,139.748667
消火栓,蒲田-740,35.5500346,139.728483
消火栓,蒲田-1434,35.550054,139.727269
消火栓,蒲田-378,35.5500676,139.716267
消火栓,蒲田-1474,35.5500713,139.749328
消火栓,蒲田-760,35.5500762,139.726222
消火栓,蒲田-212,35.550087,139.711801
消火栓,蒲田-908,35.5500963,139.749992
消火栓,蒲田-768,35.5500984,139.723794
消火栓,蒲田-1028,35.5501186,139.751286
消火栓,蒲田-1465,35.5501343,139.715384
消火栓,蒲田-209,35.5501536,139.712628
消火栓,蒲田-702,35.5501544,139.739926
消火栓,蒲田-1435,35.5501651,139.725669
消火栓,蒲田-1526,35.5501844,139.719742
消火栓,蒲田-406,35.5501872,139.723022
消火栓,蒲田-1212,35.5501901,139.726608
消火栓,蒲田-995,35.5502431,139.734688
消火栓,蒲田-674,35.5502431,139.734935
消火栓,蒲田-1299,35.5502704,139.715192
消火栓,蒲田-913,35.550274,139.74795
消火栓,蒲田-1064,35.5502819,139.73033
消火栓,蒲田-1060,35.5502934,139.744806
消火栓,蒲田-672,35.5503069,139.733335
消火栓,蒲田-1211,35.5503234,139.724677
消火栓,蒲田-373,35.5503399,139.717756
消火栓,蒲田-921,35.5503406,139.744476
消火栓,蒲田-682,35.5503542,139.736038
消火栓,蒲田-648,35.5503707,139.72738
消火栓,蒲田-1314,35.5503879,139.747398
消火栓,蒲田-987,35.5504402,139.731102
消火栓,蒲田-912,35.5504546,139.748831
消火栓,蒲田-1276,35.5504652,139.73226
消火栓,蒲田-208,35.5504925,139.714117
消火栓,蒲田-671,35.5505125,139.733529
消火栓,蒲田-198,35.5505398,139.714834
消火栓,蒲田-204,35.5505398,139.716486
消火栓,蒲田-1256,35.5505763,139.729833
消火栓,蒲田-915,35.5505878,139.746928
消火栓,蒲田-926,35.5506766,139.743043
消火栓,蒲田-405,35.5506816,139.722883
消火栓,蒲田-673,35.5506931,139.734824
消火栓,蒲田-1063,35.5507346,139.731707
消火栓,蒲田-701,35.5507432,139.740615
消火栓,蒲田-917,35.5507461,139.746212
消火栓,蒲田-899,35.550749,139.751175
消火栓,蒲田-654,35.5507511,139.723408
消火栓,蒲田-197,35.5507647,139.713728
消火栓,蒲田-929,35.5507655,139.741662
消火栓,蒲田-896,35.5507741,139.752389
消火栓,蒲田-1259,35.5508091,139.713314
消火栓,蒲田-1325,35.550812,139.71792
消火栓,蒲田-1485,35.5508342,139.715603
消火栓,蒲田-1017,35.5508378,139.747728
消火栓,蒲田-692,35.5508765,139.740062
消火栓,蒲田-664,35.5508929,139.730963
消火栓,蒲田-210,35.550898,139.712848
消火栓,蒲田-1493,35.5509009,139.715686
消火栓,蒲田-1013,35.5509016,139.741965
消火栓,蒲田-1527,35.5509037,139.718692
消火栓,蒲田-1410,35.5509237,139.74089
消火栓,蒲田-260,35.5509489,139.745742
消火栓,蒲田-407,35.550951,139.721394
消火栓,蒲田-1298,35.5509653,139.738601
消火栓,蒲田-371,35.5509925,139.716984
消火栓,蒲田-1581,35.5509962,139.749906
消火栓,蒲田-1102,35.5510184,139.749025
消火栓,蒲田-895,35.5510212,139.7509
消火栓,蒲田-1082,35.5510399,139.720319
消火栓,蒲田-691,35.5510764,139.737168
消火栓,蒲田-1431,35.5510843,139.719408
消火栓,蒲田-1289,35.551085,139.747867
消火栓,蒲田-211,35.5511007,139.711798
消火栓,蒲田-690,35.5511014,139.737857
消火栓,蒲田-681,35.551143,139.735788
消火栓,蒲田-647,35.5511595,139.727241
消火栓,蒲田-649,35.5511817,139.728177
消火栓,蒲田-1087,35.5511982,139.72123
消火栓,蒲田-1382,35.551234,139.711578
消火栓,蒲田-893,35.5512434,139.749714
消火栓,蒲田-675,35.5512569,139.734577
消火栓,蒲田-1430,35.5512598,139.741304
消火栓,蒲田-641,35.5512677,139.723078
消火栓,蒲田-1540,35.5513042,139.740146
消火栓,蒲田-914,35.5513572,139.747839
消火栓,蒲田-665,35.5513651,139.732313
消火栓,蒲田-1539,35.5513709,139.739126
消火栓,蒲田-203,35.5513981,139.716928
消火栓,蒲田-661,35.5514095,139.731266
消火栓,蒲田-199,35.5514397,139.715134
消火栓,蒲田-1331,35.5514482,139.72178
消火栓,蒲田-660,35.5514762,139.730382
消火栓,蒲田-1464,35.5514869,139.716264
消火栓,蒲田-689,35.5515069,139.737582
消火栓,蒲田-202,35.5515091,139.71577
消火栓,蒲田-364,35.551512,139.719739
消火栓,蒲田-257,35.5515177,139.725447
消火栓,蒲田-655,35.5515678,139.729088
消火栓,蒲田-683,35.5515736,139.736754
消火栓,蒲田-925,35.5515765,139.741909
消火栓,蒲田-916,35.5515794,139.746459
消火栓,蒲田-897,35.5515851,139.752692
消火栓,蒲田-1210,35.5516008,139.717672
消火栓,蒲田-650,35.5516094,139.727047
消火栓,蒲田-201,35.5516202,139.714748
消火栓,蒲田-361,35.5516259,139.720761
消火栓,蒲田-195,35.5516646,139.713176
消火栓,蒲田-892,35.5516711,139.74712
消火栓,蒲田-643,35.551676,139.725005
消火栓,蒲田-196,35.5516868,139.714087
消火栓,蒲田-1089,35.5516925,139.719189
消火栓,蒲田-676,35.5517291,139.734824
消火栓,蒲田-1538,35.5517542,139.739621
消火栓,蒲田-922,35.5517599,139.745053
消火栓,蒲田-1020,35.5517678,139.728177
消火栓,蒲田-1015,35.5518122,139.727516
消火栓,蒲田-669,35.5518179,139.733527
消火栓,蒲田-1168,35.551848,139.715273
消火栓,蒲田-680,35.5518652,139.735843
消火栓,蒲田-688,35.551868,139.738407
消火栓,蒲田-666,35.5519067,139.732149
消火栓,蒲田-894,35.5519211,139.751478
消火栓,蒲田-642,35.5519232,139.723461
消火栓,蒲田-981,35.551954,139.732588
消火栓,蒲田-698,35.5519597,139.740309
消火栓,蒲田-923,35.5519626,139.74362
消火栓,蒲田-404,35.5519676,139.722497
消火栓,蒲田-1545,35.5519734,139.731513
消火栓,蒲田-1537,35.5519791,139.738709
消火栓,蒲田-194,35.5520006,139.712212
消火栓,蒲田-363,35.5520092,139.720567
消火栓,蒲田-369,35.5520286,139.717781
消火栓,蒲田-879,35.5520293,139.744473
消火栓,蒲田-886,35.5520293,139.745467
消火栓,蒲田-1095,35.5520293,139.74577
消火栓,蒲田-1544,35.55204,139.73088
消火栓,蒲田-360,35.5520564,139.721283
消火栓,蒲田-1223,35.5520787,139.722358
消火栓,蒲田-684,35.5520902,139.735899
消火栓,蒲田-1237,35.5520952,139.716678
消火栓,蒲田-1371,35.5520959,139.742156
消火栓,蒲田-1419,35.5521038,139.725391
消火栓,蒲田-200,35.5521396,139.716347
消火栓,蒲田-697,35.5522069,139.739454
消火栓,蒲田-878,35.5522098,139.742984
消火栓,蒲田-365,35.5522119,139.719656
消火栓,蒲田-358,35.5522148,139.722358
消火栓,蒲田-1042,35.5522206,139.730657
消火栓,蒲田-1052,35.5522263,139.737718
消火栓,蒲田-1423,35.5523037,139.723102
消火栓,蒲田-645,35.5523065,139.726163
消火栓,蒲田-677,35.5523151,139.734685
消火栓,蒲田-1376,35.552318,139.738323
消火栓,蒲田-362,35.552348,139.720567
消火栓,蒲田-1224,35.5523674,139.718772
消火栓,蒲田-870,35.5523875,139.741743
消火栓,蒲田-685,35.5524068,139.736724
消火栓,蒲田-1041,35.5524233,139.730355
消火栓,蒲田-189,35.5524312,139.715106
消火栓,蒲田-656,35.5524455,139.729527
消火栓,蒲田-1375,35.5524513,139.737057
消火栓,蒲田-188,35.5524562,139.715823
消火栓,蒲田-869,35.5524763,139.740584
消火栓,蒲田-696,35.5524985,139.738932
消火栓,蒲田-1585,35.5525314,139.7236
消火栓,蒲田-1076,35.5525314,139.723655
消火栓,蒲田-679,35.5525651,139.736007
消火栓,蒲田-193,35.5525673,139.713864
消火栓,蒲田-644,35.5525787,139.725805
消火栓,蒲田-871,35.5525903,139.741909
消火栓,蒲田-651,35.552601,139.727597
消火栓,蒲田-1555,35.552626,139.728396
消火栓,蒲田-884,35.5526375,139.744692
消火栓,蒲田-1448,35.5526404,139.746017
消火栓,蒲田-359,35.5526425,139.721697
消火栓,蒲田-1081,35.5526425,139.723266
消火栓,蒲田-1402,35.5526927,139.729085
消火栓,蒲田-1036,35.5527006,139.712209
消火栓,蒲田-686,35.5527012,139.737193
消火栓,蒲田-876,35.5527042,139.742626
消火栓,蒲田-349,35.552712,139.724758
消火栓,蒲田-1207,35.5527148,139.726824
消火栓,蒲田-1282,35.5527285,139.717725
消火栓,蒲田-668,35.5527428,139.734243
消火栓,蒲田-998,35.552745,139.712595
消火栓,蒲田-1612,35.5527485,139.740448
消火栓,蒲田-877,35.5527736,139.743231
消火栓,蒲田-357,35.5527758,139.72153
消火栓,蒲田-667,35.5528094,139.732229
消火栓,蒲田-1378,35.5528094,139.733332
消火栓,蒲田-1326,35.5528174,139.718386
消火栓,蒲田-366,35.5528424,139.720178
消火栓,蒲田-891,35.5528654,139.748361
消火栓,蒲田-888,35.5528876,139.747009
消火栓,蒲田-350,35.5528925,139.723544
消火栓,蒲田-629,35.5529263,139.740034
消火栓,蒲田-187,35.5529312,139.716897
消火栓,蒲田-1032,35.552937,139.725611
消火栓,蒲田-1228,35.5529427,139.731621
消火栓,蒲田-678,35.55299,139.734215
消火栓,蒲田-635,35.5530373,139.736476
消火栓,蒲田-1381,35.5530373,139.737054
消火栓,蒲田-1611,35.5530401,139.740779
消火栓,蒲田-872,35.5530652,139.741743
消火栓,蒲田-1031,35.5530731,139.724177
消火栓,蒲田-638,35.5530817,139.735649
消火栓,蒲田-880,35.5530875,139.743342
消火栓,蒲田-875,35.5531097,139.742404
消火栓,蒲田-185,35.553134,139.718083
消火栓,蒲田-1177,35.5531369,139.722
消火栓,蒲田-630,35.5531512,139.738268
消火栓,蒲田-883,35.5531569,139.744087
消火栓,蒲田-885,35.5531569,139.745078
消火栓,蒲田-338,35.5531676,139.729169
消火栓,蒲田-1183,35.5531677,139.731568
消火栓,蒲田-330,35.5531841,139.722411
消火栓,蒲田-367,35.5532035,139.719683
消火栓,蒲田-341,35.5532565,139.728174
消火栓,蒲田-657,35.5532565,139.729802
消火栓,蒲田-355,35.5532952,139.721447
消火栓,蒲田-356,35.5533174,139.721944
消火栓,蒲田-1398,35.5533288,139.733057
消火栓,蒲田-343,35.5533453,139.726602
消火栓,蒲田-190,35.5533561,139.715573
消火栓,蒲田-1225,35.5533561,139.716125
消火栓,蒲田-1262,35.5534901,139.739454
消火栓,蒲田-1610,35.5534901,139.740612
消火栓,蒲田-1386,35.5535065,139.730407
消火栓,蒲田-1037,35.5535316,139.734463
消火栓,蒲田-184,35.5535395,139.718164
消火栓,蒲田-368,35.5535618,139.719019
消火栓,蒲田-327,35.5535674,139.724011
消火栓,蒲田-348,35.5535675,139.724755
消火栓,蒲田-339,35.5535703,139.728396
消火栓,蒲田-873,35.553604,139.741715
消火栓,蒲田-874,35.5536068,139.742542
消火栓,蒲田-328,35.5536119,139.723155
消火栓,蒲田-634,35.5536233,139.73711
消火栓,蒲田-183,35.5536506,139.716675
消火栓,蒲田-1379,35.5536699,139.712706
消火栓,蒲田-340,35.5536842,139.727513
消火栓,蒲田-1421,35.55369,139.735343
消火栓,蒲田-192,35.5536921,139.713092
消火栓,蒲田-1582,35.5536957,139.744501
消火栓,蒲田-352,35.5537007,139.720233
消火栓,蒲田-866,35.5537151,139.740143
消火栓,蒲田-881,35.5537179,139.743451
消火栓,蒲田-576,35.5537315,139.731924
消火栓,蒲田-347,35.5537702,139.724536
消火栓,蒲田-337,35.5537759,139.729444
消火栓,蒲田-146,35.5537924,139.722466
消火栓,蒲田-182,35.5538089,139.715931
消火栓,蒲田-994,35.5538318,139.742292
消火栓,蒲田-1205,35.5538397,139.727016
消火栓,蒲田-1554,35.5538619,139.725583
消火栓,蒲田-1229,35.5538648,139.729913
消火栓,蒲田-191,35.5538727,139.713889
消火栓,蒲田-575,35.5538898,139.731124
消火栓,蒲田-857,35.5538985,139.742404
消火栓,蒲田-1100,35.5539199,139.714331
消火栓,蒲田-633,35.55394,139.737054
消火栓,蒲田-1447,35.5539458,139.746512
消火栓,蒲田-639,35.5539593,139.73424
消火栓,蒲田-577,35.5539815,139.73231
消火栓,蒲田-640,35.5539815,139.733468
消火栓,蒲田-851,35.5539901,139.743781
消火栓,蒲田-1306,35.5540539,139.738046
消火栓,蒲田-353,35.5540618,139.7215
消火栓,蒲田-326,35.5540646,139.72415
消火栓,蒲田-342,35.5540647,139.726905
消火栓,蒲田-1274,35.5540812,139.719875
消火栓,蒲田-628,35.5540983,139.738707
消火栓,蒲田-1495,35.5541256,139.718081
消火栓,蒲田-1169,35.5541263,139.745242
消火栓,蒲田-1258,35.5541342,139.728394
消火栓,蒲田-345,35.5541563,139.726216
消火栓,蒲田-890,35.5541736,139.748084
消火栓,蒲田-383,35.5541786,139.727541
消火栓,蒲田-181,35.5542811,139.717089
消火栓,蒲田-865,35.5542817,139.741023
消火栓,蒲田-889,35.5542846,139.747173
消火栓,蒲田-1425,35.5543033,139.716067
消火栓,蒲田-1218,35.5543147,139.729166
消火栓,蒲田-856,35.5543262,139.742404
消火栓,蒲田-179,35.5543283,139.719103
消火栓,蒲田-324,35.5543339,139.722852
消火栓,蒲田-850,35.5543512,139.744856
消火栓,蒲田-636,35.5543677,139.736337
消火栓,蒲田-632,35.5543677,139.737632
消火栓,蒲田-325,35.5543785,139.724891
消火栓,蒲田-627,35.5543928,139.739259
消火栓,蒲田-1004,35.5544343,139.735068
消火栓,蒲田-171,35.5544365,139.714828
消火栓,蒲田-180,35.5544422,139.718825
消火栓,蒲田-1468,35.5544536,139.730877
消火栓,蒲田-1318,35.5545397,139.728119
消火栓,蒲田-178,35.5545533,139.718992
消火栓,蒲田-852,35.5545762,139.744001
消火栓,蒲田-3,35.5546235,139.746953
消火栓,蒲田-175,35.5546644,139.717447
消火栓,蒲田-331,35.55467,139.720866
消火栓,蒲田-1206,35.5546757,139.727208
消火栓,蒲田-351,35.5546894,139.7199
消火栓,蒲田-1496,35.5547116,139.718522
消火栓,蒲田-1199,35.554723,139.730077
消火栓,蒲田-631,35.5547288,139.738018
消火栓,蒲田-570,35.5547453,139.73151
消火栓,蒲田-619,35.5547703,139.733413
消火栓,蒲田-574,35.5547897,139.729221
消火栓,蒲田-571,35.5547897,139.730655
消火栓,蒲田-620,35.5547926,139.734268
消火栓,蒲田-318,35.5548062,139.72365
消火栓,蒲田-1239,35.5548563,139.727924
消火栓,蒲田-621,35.554862,139.734957
消火栓,蒲田-169,35.5548642,139.713642
消火栓,蒲田-993,35.5548843,139.735757
消火栓,蒲田-863,35.5548872,139.739507
消火栓,蒲田-622,35.5549065,139.736254
消火栓,蒲田-624,35.5549093,139.737576
消火栓,蒲田-968,35.5549093,139.738129
消火栓,蒲田-625,35.5549094,139.738679
消火栓,蒲田-174,35.5549115,139.71637
消火栓,蒲田-1395,35.554923,139.728255
消火栓,蒲田-1316,35.5549674,139.726658
消火栓,蒲田-568,35.5549731,139.732282
消火栓,蒲田-623,35.554976,139.736915
消火栓,蒲田-172,35.5549782,139.714825
消火栓,蒲田-985,35.5549789,139.741879
消火栓,蒲田-319,35.5550533,139.722464
消火栓,蒲田-1609,35.5551149,139.741079
消火栓,蒲田-1011,35.5551257,139.729194
消火栓,蒲田-1012,35.5551286,139.731316
消火栓,蒲田-322,35.5551866,139.721253
消火栓,蒲田-334,35.5551923,139.725691
消火栓,蒲田-1608,35.5552482,139.740223
消火栓,蒲田-849,35.5552984,139.744884
消火栓,蒲田-855,35.5553177,139.74232
消火栓,蒲田-1372,35.5553449,139.719789
消火栓,蒲田-843,35.5553901,139.747834
消火栓,蒲田-861,35.5554288,139.739645
消火栓,蒲田-1075,35.5554503,139.71397
消火栓,蒲田-1227,35.5554645,139.727069
消火栓,蒲田-561,35.5554646,139.728505
消火栓,蒲田-177,35.5554782,139.719597
消火栓,蒲田-572,35.5554896,139.730074
消火栓,蒲田-1426,35.5554983,139.742678
消火栓,蒲田-320,35.5555033,139.721058
消火栓,蒲田-560,35.555509,139.727649
消火栓,蒲田-1377,35.555509,139.728807
消火栓,蒲田-1167,35.5555233,139.744553
消火栓,蒲田-1250,35.555537,139.735673
消火栓,蒲田-173,35.555542,139.71535
消火栓,蒲田-1182,35.5555534,139.727399
消火栓,蒲田-616,35.5555591,139.733274
消火栓,蒲田-1267,35.555567,139.717528
消火栓,蒲田-1268,35.5555671,139.718161
消火栓,蒲田-848,35.5555678,139.745434
消火栓,蒲田-1088,35.5555814,139.734543
消火栓,蒲田-1399,35.5555871,139.739312
消火栓,蒲田-1000,35.555595,139.72398
消火栓,蒲田-1074,35.5556064,139.736748
消火栓,蒲田-618,35.55562,139.725138
消火栓,蒲田-569,35.5556257,139.73151
消火栓,蒲田-1073,35.5556315,139.738098
消火栓,蒲田-1525,35.5556559,139.716756
消火栓,蒲田-801,35.555676,139.73967
消火栓,蒲田-1568,35.5557003,139.716011
消火栓,蒲田-160,35.555706,139.720119
消火栓,蒲田-617,35.5557175,139.73479
消火栓,蒲田-316,35.5557311,139.723952
消火栓,蒲田-853,35.5557483,139.743587
消火栓,蒲田-332,35.5559145,139.726269
消火栓,蒲田-176,35.5559309,139.719542
消火栓,蒲田-562,35.5559395,139.72911
消火栓,蒲田-1046,35.5560256,139.727013
消火栓,蒲田-1569,35.5560363,139.714025
消火栓,蒲田-997,35.5560392,139.717031
消火栓,蒲田-559,35.5560506,139.728116
消火栓,蒲田-1184,35.5560614,139.715514
消火栓,蒲田-163,35.5560642,139.717444
消火栓,蒲田-162,35.5560642,139.718217
消火栓,蒲田-161,35.5560643,139.719319
消火栓,蒲田-321,35.5560893,139.720947
消火栓,蒲田-563,35.5561423,139.72991
消火栓,蒲田-1283,35.5561452,139.734237
消火栓,蒲田-611,35.5561481,139.737934
消火栓,蒲田-613,35.5561702,139.735507
消火栓,蒲田-1606,35.5561731,139.740223
消火栓,蒲田-1524,35.5561753,139.716478
消火栓,蒲田-315,35.556181,139.722352
消火栓,蒲田-1403,35.5562311,139.727702
消火栓,蒲田-565,35.556234,139.731316
消火栓,蒲田-1181,35.556234,139.732279
消火栓,蒲田-1607,35.5562398,139.741187
消火栓,蒲田-1198,35.5562534,139.730102
消火栓,蒲田-854,35.5562649,139.742484
消火栓,蒲田-610,35.5562842,139.738651
消火栓,蒲田-774,35.5563093,139.742126
消火栓,蒲田-308,35.5563172,139.725855
消火栓,蒲田-311,35.5563393,139.723758
消火栓,蒲田-310,35.5563394,139.724311
消火栓,蒲田-847,35.5563788,139.74447
消火栓,蒲田-1236,35.5564031,139.719872
消火栓,蒲田-845,35.5564261,139.746811
消火栓,蒲田-1215,35.5564311,139.726185
消火栓,蒲田-1373,35.5564504,139.721414
消火栓,蒲田-1563,35.5564784,139.729055
消火栓,蒲田-1616,35.5565141,139.717167
消火栓,蒲田-846,35.5565371,139.744881
消火栓,蒲田-842,35.55654,139.747639
消火栓,蒲田-1320,35.5565614,139.718961
消火栓,蒲田-612,35.556598,139.736279
消火栓,蒲田-312,35.5566087,139.722822
消火栓,蒲田-1570,35.5566224,139.714134
消火栓,蒲田-1523,35.5566252,139.715514
消火栓,蒲田-615,35.5566396,139.733246
消火栓,蒲田-609,35.5566675,139.738926
消火栓,蒲田-309,35.5567004,139.724283
消火栓,蒲田-558,35.5567033,139.726902
消火栓,蒲田-1562,35.5567033,139.728888
消火栓,蒲田-1003,35.5567313,139.73479
消火栓,蒲田-860,35.5567592,139.739173
消火栓,蒲田-550,35.5567728,139.73021
消火栓,蒲田-556,35.556795,139.728144
消火栓,蒲田-1458,35.5568144,139.726985
消火栓,蒲田-1238,35.5568366,139.726046
消火栓,蒲田-566,35.5568645,139.731368
消火栓,蒲田-992,35.5568838,139.727288
消火栓,蒲田-1077,35.5569254,139.725524
消火栓,蒲田-1054,35.5569311,139.731232
消火栓,蒲田-548,35.5569562,139.732279
消火栓,蒲田-557,35.5569727,139.727205
消火栓,蒲田-306,35.5569949,139.724972
消火栓,蒲田-605,35.5570035,139.735535
消火栓,蒲田-157,35.5570114,139.71998
消火栓,蒲田-1197,35.55702,139.730046
消火栓,蒲田-607,35.5570257,139.736693
消火栓,蒲田-1541,35.5570285,139.739559
消火栓,蒲田-1231,35.5570508,139.738015
消火栓,蒲田-1542,35.5570536,139.741131
消火栓,蒲田-314,35.5570587,139.721716
消火栓,蒲田-1221,35.5570808,139.720477
消火栓,蒲田-604,35.5570923,139.73421
消火栓,蒲田-824,35.5570981,139.743503
消火栓,蒲田-813,35.5571203,139.740084
消火栓,蒲田-1567,35.5571224,139.716561
消火栓,蒲田-155,35.5571225,139.718739
消火栓,蒲田-831,35.5571232,139.744662
消火栓,蒲田-833,35.5571454,139.746011
消火栓,蒲田-313,35.5571503,139.722408
消火栓,蒲田-823,35.5571647,139.741848
消火栓,蒲田-830,35.5571676,139.744025
消火栓,蒲田-839,35.5571704,139.747336
消火栓,蒲田-305,35.5571726,139.723124
消火栓,蒲田-1457,35.5571869,139.738759
消火栓,蒲田-832,35.557212,139.745156
消火栓,蒲田-840,35.5572149,139.748936
消火栓,蒲田-841,35.5572177,139.750011
消火栓,蒲田-1473,35.5572178,139.751142
消火栓,蒲田-1560,35.5572671,139.728252
消火栓,蒲田-552,35.5572922,139.72966
消火栓,蒲田-1605,35.5573008,139.74149
消火栓,蒲田-329,35.5573009,139.743751
消火栓,蒲田-549,35.5573144,139.730513
消火栓,蒲田-812,35.5573202,139.73934
消火栓,蒲田-158,35.5573503,139.721139
消火栓,蒲田-838,35.557351,139.74742
消火栓,蒲田-159,35.5573947,139.721358
消火栓,蒲田-1561,35.5574255,139.728968
消火栓,蒲田-1163,35.5574284,139.73261
消火栓,蒲田-1566,35.5574807,139.716506
消火栓,蒲田-546,35.5575172,139.732279
消火栓,蒲田-603,35.55752,139.734126
消火栓,蒲田-1300,35.5575308,139.719594
消火栓,蒲田-304,35.5575336,139.723177
消火栓,蒲田-1615,35.5575501,139.717692
消火栓,蒲田-601,35.5575867,139.734815
消火栓,蒲田-606,35.5575896,139.736912
消火栓,蒲田-1039,35.5576225,139.723455
消火栓,蒲田-151,35.5576418,139.717911
消火栓,蒲田-1521,35.5576669,139.720752
消火栓,蒲田-299,35.5576698,139.725935
消火栓,蒲田-1038,35.557692,139.724088
消火栓,蒲田-300,35.557692,139.725027
消火栓,蒲田-596,35.5577257,139.737518
消火栓,蒲田-150,35.5577307,139.718903
消火栓,蒲田-598,35.5577701,139.736415
消火栓,蒲田-595,35.5577701,139.738537
消火栓,蒲田-1196,35.557831,139.730043
消火栓,蒲田-539,35.5578532,139.729107
消火栓,蒲田-1602,35.5578589,139.735532
消火栓,蒲田-602,35.5578811,139.734126
消火栓,蒲田-600,35.5578811,139.734898
消火栓,蒲田-547,35.5579033,139.73341
消火栓,蒲田-1565,35.5579335,139.717608
消火栓,蒲田-837,35.557937,139.747281
消火栓,蒲田-544,35.5579449,139.731174
消火栓,蒲田-594,35.5579507,139.737932
消火栓,蒲田-822,35.5579758,139.74237
消火栓,蒲田-1161,35.5579922,139.732471
消火栓,蒲田-826,35.5580008,139.743501
消火栓,蒲田-829,35.5580008,139.744687
消火栓,蒲田-1424,35.5580086,139.724749
消火栓,蒲田-1604,35.5580201,139.740331
消火栓,蒲田-1463,35.5580309,139.726074
消火栓,蒲田-1564,35.5580445,139.716586
消火栓,蒲田-818,35.5580451,139.741434
消火栓,蒲田-810,35.5580868,139.739393
消火栓,蒲田-836,35.5580925,139.746947
消火栓,蒲田-597,35.5581089,139.736884
消火栓,蒲田-1171,35.5581312,139.738759
消火栓,蒲田-1336,35.5581641,139.723288
消火栓,蒲田-1559,35.5581698,139.728777
消火栓,蒲田-1035,35.5582085,139.72188
消火栓,蒲田-537,35.5582142,139.727644
消火栓,蒲田-303,35.5582974,139.722624
消火栓,蒲田-298,35.5583225,139.725494
消火栓,蒲田-1522,35.5583418,139.719869
消火栓,蒲田-145,35.5583418,139.720972
消火栓,蒲田-295,35.558392,139.72668
消火栓,蒲田-821,35.5584063,139.742537
消火栓,蒲田-1596,35.5584643,139.73109
消火栓,蒲田-1451,35.5585281,139.727866
消火栓,蒲田-1597,35.5585337,139.732526
消火栓,蒲田-1411,35.5585453,139.747611
消火栓,蒲田-301,35.5585474,139.723866
消火栓,蒲田-1601,35.5585588,139.736993
消火栓,蒲田-1600,35.558581,139.735504
消火栓,蒲田-143,35.5585918,139.721633
消火栓,蒲田-989,35.5586062,139.740276
消火栓,蒲田-545,35.5586449,139.732168
消火栓,蒲田-1195,35.558667,139.730043
消火栓,蒲田-1598,35.5586698,139.733326
消火栓,蒲田-827,35.5586757,139.743639
消火栓,蒲田-834,35.5586786,139.745984
消火栓,蒲田-1335,35.5587029,139.72213
消火栓,蒲田-1280,35.5587173,139.73837
消火栓,蒲田-1583,35.5587201,139.741653
消火栓,蒲田-835,35.5587674,139.746067
消火栓,蒲田-794,35.5587703,139.748906
消火栓,蒲田-144,35.5587918,139.720722
消火栓,蒲田-1584,35.5588117,139.741792
消火栓,蒲田-542,35.5588698,139.730982
消火栓,蒲田-297,35.5588863,139.725577
消火栓,蒲田-828,35.5589035,139.74452
消火栓,蒲田-1614,35.5589916,139.716972
消火栓,蒲田-58,35.5589917,139.717992
消火栓,蒲田-795,35.5589952,139.74637
消火栓,蒲田-128,35.5589973,139.7221
消火栓,蒲田-593,35.5590116,139.737904
消火栓,蒲田-140,35.5590167,139.719675
消火栓,蒲田-302,35.5590418,139.723177
消火栓,蒲田-808,35.5590589,139.740909
消火栓,蒲田-142,35.5590862,139.721191
消火栓,蒲田-139,35.5591056,139.718597
消火栓,蒲田-1599,35.5591198,139.732801
消火栓,蒲田-1096,35.5591478,139.73964
消火栓,蒲田-1191,35.5591586,139.727313
消火栓,蒲田-536,35.5591614,139.728582
消火栓,蒲田-535,35.5592059,139.73029
消火栓,蒲田-1449,35.5592252,139.724444
消火栓,蒲田-589,35.5592337,139.734235
消火栓,蒲田-585,35.5592338,139.735723
消火栓,蒲田-62,35.5592416,139.717936
消火栓,蒲田-1417,35.5592696,139.725741
消火栓,蒲田-527,35.5592725,139.72803
消火栓,蒲田-534,35.5592753,139.731835
消火栓,蒲田-1255,35.5592869,139.747114
消火栓,蒲田-458,35.5593004,139.733049
消火栓,蒲田-798,35.5593062,139.7435
消火栓,蒲田-141,35.5593334,139.719977
消火栓,蒲田-293,35.5593613,139.726569
消火栓,蒲田-129,35.5594028,139.721438
消火栓,蒲田-1455,35.5594144,139.736937
消火栓,蒲田-61,35.5594222,139.718541
消火栓,蒲田-138,35.5594222,139.719233
消火栓,蒲田-583,35.5594394,139.73804
消火栓,蒲田-292,35.5594501,139.724969
消火栓,蒲田-1190,35.5594501,139.725188
消火栓,蒲田-1558,35.559453,139.729407
消火栓,蒲田-1170,35.5594838,139.738426
消火栓,蒲田-1396,35.5594888,139.717661
消火栓,蒲田-584,35.559506,139.737765
消火栓,蒲田-796,35.559534,139.745706
消火栓,蒲田-582,35.5595505,139.738095
消火栓,蒲田-1394,35.5595583,139.7205
消火栓,蒲田-1022,35.5595591,139.749044
消火栓,蒲田-1453,35.5595749,139.715039
消火栓,蒲田-802,35.5595756,139.741762
消火栓,蒲田-54,35.5595777,139.715619
消火栓,蒲田-56,35.5595777,139.716778
消火栓,蒲田-799,35.5595784,139.743362
消火栓,蒲田-136,35.5595805,139.719783
消火栓,蒲田-1080,35.5596278,139.722624
消火栓,蒲田-797,35.5596701,139.744575
消火栓,蒲田-588,35.5596837,139.734398
消火栓,蒲田-291,35.5596973,139.724333
消火栓,蒲田-803,35.5597339,139.741101
消火栓,蒲田-800,35.5597339,139.742728
消火栓,蒲田-57,35.559736,139.717355
消火栓,蒲田-133,35.5597611,139.72083
消火栓,蒲田-137,35.5597833,139.7189
消火栓,蒲田-130,35.5597861,139.721852
消火栓,蒲田-530,35.5598169,139.73084
消火栓,蒲田-1557,35.5598363,139.730015
消火栓,蒲田-531,35.5598392,139.731999
消火栓,蒲田-1401,35.5598721,139.718433
消火栓,蒲田-1380,35.5598778,139.723202
消火栓,蒲田-1369,35.5599194,139.719452
消火栓,蒲田-127,35.5599222,139.722402
消火栓,蒲田-804,35.5600033,139.740467
消火栓,蒲田-135,35.5600083,139.720086
消火栓,蒲田-988,35.5600254,139.738426
消火栓,蒲田-532,35.560042,139.732993
消火栓,蒲田-125,35.5600556,139.722541
消火栓,蒲田-1439,35.5600612,139.726899
消火栓,蒲田-793,35.5601007,139.750172
消火栓,蒲田-526,35.5601057,139.728332
消火栓,蒲田-1404,35.5601229,139.748794
消火栓,蒲田-805,35.5601393,139.739748
消火栓,蒲田-59,35.5601416,139.718458
消火栓,蒲田-1556,35.5601752,139.729216
消火栓,蒲田-1368,35.5601888,139.720802
消火栓,蒲田-581,35.5602032,139.736882
消火栓,蒲田-791,35.560234,139.746947
消火栓,蒲田-289,35.5602389,139.725021
消火栓,蒲田-580,35.5602476,139.735859
消火栓,蒲田-790,35.5602562,139.746036
消火栓,蒲田-578,35.5602697,139.734151
消火栓,蒲田-579,35.560292,139.735115
消火栓,蒲田-55,35.5602998,139.716639
消火栓,蒲田-60,35.5602999,139.718927
消火栓,蒲田-131,35.5603027,139.721574
消火栓,蒲田-290,35.5603084,139.726044
消火栓,蒲田-587,35.5603142,139.734673
消火栓,蒲田-789,35.5603228,139.744739
消火栓,蒲田-124,35.56035,139.722127
消火栓,蒲田-614,35.5603672,139.743637
消火栓,蒲田-134,35.5603694,139.720002
消火栓,蒲田-788,35.5603894,139.742892
消火栓,蒲田-1047,35.560403,139.730896
消火栓,蒲田-280,35.5604223,139.727202
消火栓,蒲田-288,35.5604417,139.724221
消火栓,蒲田-1048,35.5604474,139.73051
消火栓,蒲田-1232,35.5604474,139.731835
消火栓,蒲田-787,35.5604783,139.74212
消火栓,蒲田-408,35.5605141,139.731751
消火栓,蒲田-1245,35.5605334,139.728385
消火栓,蒲田-1334,35.5605613,139.733074
消火栓,蒲田-786,35.5605893,139.740878
消火栓,蒲田-1367,35.5605943,139.719341
消火栓,蒲田-1240,35.5606753,139.73597
消火栓,蒲田-785,35.5607032,139.739915
消火栓,蒲田-116,35.5607111,139.723035
消火栓,蒲田-1269,35.5607225,139.737073
消火栓,蒲田-123,35.5607305,139.721905
消火栓,蒲田-275,35.5607362,139.728249
消火栓,蒲田-1275,35.5607498,139.71708
消火栓,蒲田-1247,35.5607534,139.747028
消火栓,蒲田-1487,35.560792,139.738148
消火栓,蒲田-524,35.5608057,139.730343
消火栓,蒲田-784,35.5608142,139.738809
消火栓,蒲田-1061,35.5608974,139.732246
消火栓,蒲田-52,35.5609081,139.717464
消火栓,蒲田-132,35.560911,139.721022
消火栓,蒲田-117,35.5609138,139.722458
消火栓,蒲田-513,35.5609447,139.733735
消火栓,蒲田-1366,35.560997,139.716914
消火栓,蒲田-1030,35.5609998,139.720194
消火栓,蒲田-510,35.5610364,139.735887
消火栓,蒲田-1204,35.5610443,139.71923
消火栓,蒲田-521,35.5610557,139.732937
消火栓,蒲田-287,35.5610722,139.724827
消火栓,蒲田-1459,35.5610836,139.737404
消火栓,蒲田-122,35.5610915,139.721463
消火栓,蒲田-522,35.5611001,139.731501
消火栓,蒲田-1051,35.561103,139.734176
消火栓,蒲田-281,35.5611417,139.72698
消火栓,蒲田-512,35.5611474,139.734784
消火栓,蒲田-1293,35.5611832,139.722705
消火栓,蒲田-113,35.5611832,139.723227
消火栓,蒲田-51,35.5611997,139.716719
消火栓,蒲田-40,35.5612026,139.719919
消火栓,蒲田-1252,35.5612083,139.725241
消火栓,蒲田-279,35.5612111,139.72731
消火栓,蒲田-1244,35.5612197,139.737873
消火栓,蒲田-1292,35.5612276,139.722044
消火栓,蒲田-282,35.5612527,139.72571
消火栓,蒲田-274,35.5612556,139.729432
消火栓,蒲田-1265,35.5612584,139.73004
消火栓,蒲田-53,35.5612886,139.716305
消火栓,蒲田-503,35.5613308,139.737101
消火栓,蒲田-511,35.5613752,139.735223
消火栓,蒲田-1243,35.5614225,139.739884
消火栓,蒲田-120,35.5614304,139.721241
消火栓,蒲田-1178,35.5614498,139.719561
消火栓,蒲田-276,35.5614583,139.728413
消火栓,蒲田-121,35.561497,139.720855
消火栓,蒲田-783,35.5615142,139.740051
消火栓,蒲田-50,35.5615608,139.716967
消火栓,蒲田-286,35.5615916,139.725077
消火栓,蒲田-781,35.561603,139.737762
消火栓,蒲田-782,35.561603,139.738809
消火栓,蒲田-48,35.5616303,139.717658
消火栓,蒲田-42,35.5616303,139.718816
消火栓,蒲田-1187,35.5616389,139.727393
消火栓,蒲田-523,35.5616417,139.731032
消火栓,蒲田-520,35.5616446,139.733873
消火栓,蒲田-39,35.5616553,139.720827
消火栓,蒲田-118,35.5616554,139.721933
消火栓,蒲田-1271,35.5616639,139.729763
消火栓,蒲田-1005,35.5616697,139.737209
消火栓,蒲田-1363,35.5617249,139.724938
消火栓,蒲田-508,35.5617363,139.736245
消火栓,蒲田-283,35.5617721,139.72593
消火栓,蒲田-110,35.5617915,139.723008
消火栓,蒲田-1018,35.5618001,139.731776
消火栓,蒲田-506,35.5618474,139.735223
消火栓,蒲田-1305,35.5618553,139.719947
消火栓,蒲田-519,35.5618695,139.73321
消火栓,蒲田-49,35.5618746,139.716664
消火栓,蒲田-43,35.5618775,139.71898
消火栓,蒲田-38,35.561947,139.720691
消火栓,蒲田-119,35.5619692,139.721186
消火栓,蒲田-109,35.561972,139.722263
消火栓,蒲田-46,35.5619913,139.718041
消火栓,蒲田-518,35.5620251,139.732385
消火栓,蒲田-1090,35.5620831,139.721463
消火栓,蒲田-1469,35.5620859,139.724274
消火栓,蒲田-504,35.5620945,139.734507
消火栓,蒲田-1192,35.5621332,139.727088
消火栓,蒲田-1185,35.5621469,139.717655
消火栓,蒲田-780,35.5621669,139.738395
消火栓,蒲田-1188,35.5621748,139.723421
消火栓,蒲田-284,35.5621776,139.726124
消火栓,蒲田-1193,35.5621805,139.727943
消火栓,蒲田-108,35.5622192,139.72193
消火栓,蒲田-99,35.5622221,139.725296
消火栓,蒲田-104,35.5622414,139.722841
消火栓,蒲田-516,35.5622529,139.734148
消火栓,蒲田-1242,35.5622558,139.738948
消火栓,蒲田-101,35.5622665,139.724385
消火栓,蒲田-1008,35.5622944,139.730785
消火栓,蒲田-1194,35.5623166,139.729074
消火栓,蒲田-517,35.5623195,139.732823
消火栓,蒲田-44,35.5623302,139.719394
消火栓,蒲田-37,35.5623302,139.720055
消火栓,蒲田-509,35.5623446,139.737348
消火栓,蒲田-45,35.5623496,139.717958
消火栓,蒲田-1058,35.5623668,139.737651
消火栓,蒲田-47,35.5623718,139.717105
消火栓,蒲田-271,35.5623833,139.730121
消火栓,蒲田-1007,35.5624972,139.730921
消火栓,蒲田-505,35.5625001,139.735418
消火栓,蒲田-502,35.5625251,139.736051
消火栓,蒲田-285,35.5625387,139.725791
消火栓,蒲田-32,35.5625746,139.716691
消火栓,蒲田-1388,35.5625775,139.720661
消火栓,蒲田-102,35.5626053,139.724469
消火栓,蒲田-105,35.562647,139.722977
消火栓,蒲田-268,35.5626749,139.728163
消火栓,蒲田-1189,35.5626885,139.718125
消火栓,蒲田-107,35.5626914,139.721488
消火栓,蒲田-267,35.5626971,139.727307
消火栓,蒲田-1266,35.5627028,139.732298
消火栓,蒲田-507,35.5627028,139.735334
消火栓,蒲田-35,35.5627135,139.719475
消火栓,蒲田-36,35.5627135,139.719833
消火栓,蒲田-1234,35.5627136,139.721074
消火栓,蒲田-515,35.5627472,139.733154
消火栓,蒲田-33,35.5628218,139.71738
消火栓,蒲田-1580,35.5628302,139.723694
消火栓,蒲田-1494,35.5628748,139.725074
消火栓,蒲田-1078,35.5628941,139.721516
消火栓,蒲田-34,35.5629135,139.718897
消火栓,蒲田-1304,35.5629163,139.720083
消火栓,蒲田-1482,35.5629249,139.729679
消火栓,蒲田-1272,35.5629442,139.726205
消火栓,蒲田-778,35.5629557,139.73867
消火栓,蒲田-1287,35.5630668,139.737954
消火栓,蒲田-269,35.5630804,139.728079
消火栓,蒲田-498,35.5631305,139.734643
消火栓,蒲田-317,35.5631334,139.736931
消火栓,蒲田-106,35.5631441,139.722288
消火栓,蒲田-499,35.5631778,139.735304
消火栓,蒲田-1317,35.5631857,139.72033
消火栓,蒲田-500,35.5632,139.736104
消火栓,蒲田-999,35.5632193,139.730507
消火栓,蒲田-497,35.5632222,139.734093
消火栓,蒲田-266,35.5632387,139.726646
消火栓,蒲田-776,35.5632695,139.737262
消火栓,蒲田-777,35.5632917,139.737484
消火栓,蒲田-1186,35.563319,139.7176
消火栓,蒲田-1179,35.563344,139.71873
消火栓,蒲田-1514,35.5633497,139.725294
消火栓,蒲田-1391,35.5633748,139.729899
消火栓,蒲田-1409,35.5634135,139.72146
消火栓,蒲田-29,35.5634551,139.719447
消火栓,蒲田-1281,35.5634858,139.726149
消火栓,蒲田-514,35.5634916,139.733346
消火栓,蒲田-94,35.5635052,139.722674
消火栓,蒲田-264,35.5635081,139.727363
消火栓,蒲田-265,35.5635081,139.72819
消火栓,蒲田-270,35.5635331,139.729376
消火栓,蒲田-1297,35.5635662,139.717986
消火栓,蒲田-92,35.5636829,139.72168
消火栓,蒲田-31,35.5637245,139.717158
消火栓,蒲田-1579,35.5637301,139.723502
消火栓,蒲田-493,35.5637639,139.736354
消火栓,蒲田-97,35.5637997,139.725568
消火栓,蒲田-30,35.5638383,139.717655
消火栓,蒲田-263,35.563847,139.728465
消火栓,蒲田-775,35.5638555,139.737704
消火栓,蒲田-28,35.5638606,139.718508
消火栓,蒲田-1321,35.5638828,139.719144
消火栓,蒲田-1296,35.5639272,139.71713
消火栓,蒲田-1519,35.5639523,139.720633
消火栓,蒲田-96,35.5639552,139.724327
消火栓,蒲田-492,35.5639666,139.736765
消火栓,蒲田-1573,35.5639802,139.726893
消火栓,蒲田-496,35.564011,139.734643
消火栓,蒲田-494,35.5640777,139.735443
消火栓,蒲田-1166,35.5641107,139.721983
消火栓,蒲田-1006,35.5641665,139.733815
消火栓,蒲田-773,35.5641944,139.738667
消火栓,蒲田-1260,35.5642023,139.722894
消火栓,蒲田-1613,35.5642137,139.734145
消火栓,蒲田-22,35.5642912,139.721763
消火栓,蒲田-83,35.5643635,139.726946
消火栓,蒲田-1286,35.5643972,139.738201
消火栓,蒲田-27,35.5644022,139.717597
消火栓,蒲田-490,35.5644166,139.736406
消火栓,蒲田-26,35.5644467,139.719363
消火栓,蒲田-23,35.5644495,139.721458
消火栓,蒲田-1530,35.5644524,139.725541
消火栓,蒲田-259,35.5645247,139.730671
消火栓,蒲田-771,35.5645305,139.737151
消火栓,蒲田-85,35.5645663,139.726146
消火栓,蒲田-488,35.5645749,139.735881
消火栓,蒲田-1235,35.5646271,139.717847
消火栓,蒲田-772,35.5646444,139.738117
消火栓,蒲田-1578,35.5647883,139.723527
消火栓,蒲田-1529,35.5647912,139.724519
消火栓,蒲田-487,35.5647998,139.735001
消火栓,蒲田-21,35.5648328,139.720824
消火栓,蒲田-980,35.5648328,139.72248
消火栓,蒲田-489,35.5648471,139.736598
消火栓,蒲田-261,35.5648607,139.727499
消火栓,蒲田-770,35.5648693,139.737012
消火栓,蒲田-1370,35.5648772,139.721072
消火栓,蒲田-256,35.564908,139.728601
消火栓,蒲田-1067,35.564941,139.718397
消火栓,蒲田-91,35.5649689,139.722119
消火栓,蒲田-84,35.5649718,139.726368
消火栓,蒲田-486,35.5649803,139.735165
消火栓,蒲田-24,35.564994,139.725596
消火栓,蒲田-485,35.5650025,139.734476
消火栓,蒲田-1520,35.5650105,139.720161
消火栓,蒲田-1251,35.5650248,139.735854
消火栓,蒲田-258,35.5650885,139.730118
消火栓,蒲田-1019,35.5651301,139.72714
消火栓,蒲田-17,35.5652132,139.717377
消火栓,蒲田-1576,35.5653299,139.723305
消火栓,蒲田-1577,35.5653994,139.724299
消火栓,蒲田-89,35.5654189,139.722755
消火栓,蒲田-79,35.5654661,139.725346
消火栓,蒲田-81,35.5655134,139.726863
消火栓,蒲田-19,35.5655521,139.719527
消火栓,蒲田-484,35.5655664,139.736156
消火栓,蒲田-254,35.5656051,139.729676
消火栓,蒲田-1302,35.565666,139.721291
消火栓,蒲田-1574,35.5657132,139.723527
消火栓,蒲田-90,35.5657355,139.72223
消火栓,蒲田-1572,35.5657634,139.728104
消火栓,蒲田-80,35.565805,139.726118
消火栓,蒲田-16,35.5658215,139.718505
消火栓,蒲田-1307,35.5658465,139.720794
消火栓,蒲田-1470,35.5659661,139.727468
消火栓,蒲田-1575,35.5660521,139.72438
消火栓,蒲田-1518,35.5660715,139.720491
消火栓,蒲田-75,35.5661632,139.722533
消火栓,蒲田-78,35.5661883,139.725152
消火栓,蒲田-76,35.5662105,139.723496
消火栓,蒲田-66,35.5663717,139.728379
消火栓,蒲田-1405,35.5665465,139.724241
消火栓,蒲田-67,35.5665966,139.727826
消火栓,蒲田-1432,35.5666354,139.72256
消火栓,蒲田-68,35.5667299,139.726724
消火栓,蒲田-14,35.5667464,139.720766
消火栓,蒲田-1571,35.5668216,139.728957
消火栓,蒲田-74,35.5668854,139.724049
消火栓,蒲田-73,35.5669298,139.723441
消火栓,蒲田-70,35.5669993,139.725566
消火栓,蒲田-69,35.5669993,139.726254
消火栓,蒲田-71,35.5670882,139.724655
消火栓,蒲田-1433,35.5671326,139.722863
消火栓,蒲田-1475,35.5671383,139.728213
消火栓,蒲田-11,35.5671519,139.718175
消火栓,蒲田-1461,35.5671605,139.728654
消火栓,蒲田-13,35.5671963,139.719413
消火栓,蒲田-1406,35.567316,139.72711
消火栓,蒲田-1454,35.5674435,139.718613
消火栓,蒲田-65,35.5674521,139.727357
消火栓,蒲田-9,35.5675796,139.719469
消火栓,蒲田-1303,35.5675853,139.724296
消火栓,蒲田-1165,35.5675854,139.726585
消火栓,蒲田-1452,35.5676047,139.72333
消火栓,蒲田-1083,35.567738,139.721205
消火栓,蒲田-10,35.5677824,139.718669
消火栓,蒲田-1217,35.5678325,139.725427
消火栓,蒲田-1222,35.5678963,139.72046
消火栓,蒲田-8,35.5679629,139.719938
消火栓,蒲田-1517,35.5680324,139.721124
消火栓,蒲田-72,35.5680352,139.723107
消火栓,蒲田-1264,35.5681463,139.722999
消火栓,蒲田-1216,35.5682824,139.723385
消火栓,蒲田-1220,35.5685074,139.722199
消火栓,蒲田-1516,35.5687073,139.721233
消火栓,蒲田-4,35.5690906,139.718997
消火栓,蒲田-2,35.5691128,139.719383
消火栓,蒲田-20,35.5691351,139.720735
消火栓,蒲田-1,35.5696072,139.719713
防火水槽,防火水槽-287,35.5241174,139.80556
防火水槽,防火水槽-288,35.5263033,139.807985
防火水槽,防火水槽-289,35.5282643,139.810274
防火水槽,防火水槽-290,35.5304724,139.812618
防火水槽,防火水槽-291,35.5326361,139.815098
防火水槽,防火水槽-292,35.5334438,139.795414
防火水槽,防火水槽-293,35.533691,139.794228
防火水槽,防火水槽-294,35.5342104,139.796544
防火水槽,防火水槽-295,35.5343276,139.817054
防火水槽,防火水槽-296,35.5354019,139.792325
防火水槽,防火水槽-297,35.5361747,139.819039
防火水槽,防火水槽-298,35.5365962,139.793317
防火水槽,防火水槽-299,35.5375462,139.798997
防火水槽,防火水槽-300,35.5377461,139.793922
防火水槽,防火水槽-301,35.5379681,139.785292
防火水槽,防火水槽-302,35.5383162,139.821547
防火水槽,防火水槽-303,35.5385128,139.798305
防火水槽,防火水槽-377,35.5386428,139.777959
防火水槽,防火水槽-304,35.5387375,139.790033
防火水槽,防火水槽-305,35.5389657,139.804124
防火水槽,防火水槽-378,35.5390483,139.777765
防火水槽,防火水槽-306,35.5394376,139.796458
防火水槽,防火水槽-379,35.5395427,139.777379
防火水槽,防火水槽-380,35.540037,139.777021
防火水槽,防火水槽-307,35.5400682,139.801366
防火水槽,防火水槽-381,35.5401037,139.775337
防火水槽,防火水槽-049,35.5401213,139.70834
防火水槽,防火水槽-308,35.540407,139.796402
防火水槽,防火水槽-309,35.5404105,139.823725
防火水槽,防火水槽-382,35.5404898,139.776718
防火水槽,防火水槽-310,35.5406955,139.78507
防火水槽,防火水槽-383,35.5407563,139.772801
防火水槽,防火水槽-311,35.5407651,139.788572
防火水槽,防火水槽-050,35.5407962,139.706549
防火水槽,防火水槽-312,35.5408127,139.803018
防火水槽,防火水槽-192,35.5408463,139.710904
防火水槽,防火水槽-384,35.540848,139.774207
防火水槽,防火水槽-193,35.5410491,139.712146
防火水槽,防火水槽-385,35.5411174,139.774787
防火水槽,防火水槽-313,35.5412151,139.791411
防火水槽,防火水槽-386,35.541323,139.775254
防火水槽,防火水槽-314,35.5414207,139.794639
防火水槽,防火水槽-067,35.5416157,139.713687
防火水槽,防火水槽-387,35.5416841,139.776054
防火水槽,防火水槽-315,35.5418708,139.800316
防火水槽,防火水槽-388,35.5419757,139.776743
防火水槽,防火水槽-068,35.5422935,139.716692
防火水槽,防火水槽-194,35.54231,139.711123
防火水槽,防火水槽-069,35.5424712,139.714073
防火水槽,防火水槽-316,35.5426624,139.801943
防火水槽,防火水槽-070,35.5428101,139.714595
防火水槽,防火水槽-317,35.5428178,139.7953
防火水槽,防火水槽-389,35.5428311,139.773876
防火水槽,防火水槽-071,35.5428767,139.715367
防火水槽,防火水槽-080,35.5430407,139.719256
防火水槽,防火水槽-072,35.5430613,139.714451
防火水槽,防火水槽-073,35.5430824,139.717987
防火水槽,防火水槽-318,35.5433313,139.782726
防火水槽,防火水槽-074,35.5433512,139.712973
防火水槽,防火水槽-051,35.5436627,139.710982
防火水槽,防火水槽-195,35.5440015,139.712223
防火水槽,防火水槽-075,35.5440044,139.714651
防火水槽,防火水槽-390,35.5441364,139.77084
防火水槽,防火水槽-052,35.544157,139.70999
防火水槽,防火水槽-076,35.5444794,139.716442
防火水槽,防火水槽-319,35.5445093,139.798302
防火水槽,防火水槽-391,35.5445168,139.767202
防火水槽,防火水槽-392,35.5448586,139.773873
防火水槽,防火水槽-077,35.5449321,139.717792
防火水槽,防火水槽-061,35.5450296,139.725594
防火水槽,防火水槽-081,35.5450933,139.721845
防火水槽,防火水槽-082,35.54516,139.721928
防火水槽,防火水槽-053,35.5451958,139.711918
防火水槽,防火水槽-320,35.5452005,139.782062
防火水槽,防火水槽-393,35.545239,139.766346
防火水槽,防火水槽-054,35.5452625,139.711034
防火水槽,防火水槽-321,35.5453811,139.784903
防火水槽,防火水槽-176,35.5454688,139.740401
防火水槽,防火水槽-170,35.5456185,139.729013
防火水槽,防火水槽-196,35.5456486,139.71382
防火水槽,防火水槽-322,35.5456565,139.799763
防火水槽,防火水槽-259,35.5456801,139.750189
防火水槽,防火水槽-183,35.5457102,139.732513
防火水槽,防火水槽-034,35.5457791,139.710207
防火水槽,防火水槽-083,35.5458155,139.722697
防火水槽,防火水槽-197,35.5458291,139.714509
防火水槽,防火水槽-084,35.5460126,139.718948
防火水槽,防火水槽-062,35.5460849,139.723636
防火水槽,防火水槽-323,35.5461062,139.790197
防火水槽,防火水槽-063,35.54611,139.725233
防火水槽,防火水槽-078,35.5461265,139.718175
防火水槽,防火水槽-177,35.5461408,139.734829
防火水槽,防火水槽-178,35.5461408,139.735877
防火水槽,防火水槽-085,35.5461515,139.721181
防火水槽,防火水槽-079,35.5462598,139.717212
防火水槽,防火水槽-260,35.5462855,139.746962
防火水槽,防火水槽-184,35.5462963,139.732294
防火水槽,防火水槽-394,35.5463165,139.761741
防火水槽,防火水槽-324,35.5463341,139.79706
防火水槽,防火水槽-198,35.5463708,139.715389
防火水槽,防火水槽-179,35.5464102,139.734002
防火水槽,防火水槽-180,35.5464797,139.736704
防火水槽,防火水槽-395,35.5465472,139.769185
防火水槽,防火水槽-253,35.5465993,139.743626
防火水槽,防火水槽-086,35.5466709,139.722117
防火水槽,防火水槽-035,35.5467262,139.710151
防火水槽,防火水槽-261,35.5468967,139.7514
防火水槽,防火水槽-199,35.5469347,139.71652
防火水槽,防火水槽-036,35.5469984,139.711309
防火水槽,防火水槽-251,35.5470048,139.744009
防火水槽,防火水槽-185,35.54706,139.731052
防火水槽,防火水槽-396,35.5471111,139.772079
防火水槽,防火水槽-397,35.5471304,139.766896
防火水槽,防火水槽-325,35.547228,139.780048
防火水槽,防火水槽-171,35.5473043,139.72573
防火水槽,防火水槽-326,35.5475032,139.790775
防火水槽,防火水槽-252,35.5475243,139.74707
防火水槽,防火水槽-037,35.5476539,139.712715
防火水槽,防火水槽-254,35.5476575,139.742768
防火水槽,防火水槽-038,35.5477872,139.711087
防火水槽,防火水槽-327,35.5480228,139.798274
防火水槽,防火水槽-039,35.5481483,139.713678
防火水槽,防火水槽-181,35.5481683,139.734663
防火水槽,防火水槽-040,35.5482178,139.713898
防火水槽,防火水槽-200,35.5482622,139.715028
防火水槽,防火水槽-041,35.5483289,139.713898
防火水槽,防火水槽-328,35.5483587,139.789286
防火水槽,防火水槽-172,35.5484126,139.728927
防火水槽,防火水槽-329,35.5484474,139.782778
防火水槽,防火水槽-330,35.5485837,139.791738
防火水槽,防火水槽-087,35.548629,139.71955
防火水槽,防火水槽-042,35.5488483,139.713512
防火水槽,防火水槽-331,35.5488559,139.790747
防火水槽,防火水槽-173,35.5488597,139.724816
防火水槽,防火水槽-174,35.548951,139.728274
防火水槽,防火水槽-255,35.5489908,139.748475
防火水槽,防火水槽-262,35.5490324,139.744834
防火水槽,防火水槽-280,35.5490381,139.753328
防火水槽,防火水槽-064,35.5490818,139.723658
防火水槽,防火水槽-398,35.5491578,139.762208
防火水槽,防火水槽-263,35.5492129,139.744395
防火水槽,防火水槽-065,35.5492373,139.721369
防火水槽,防火水槽-415,35.5492767,139.73954
防火水槽,防火水槽-332,35.5493058,139.790441
防火水槽,防火水槽-182,35.5493182,139.73579
防火水槽,防火水槽-333,35.5493222,139.779359
防火水槽,防火水槽-088,35.5494178,139.720764
防火水槽,防火水槽-186,35.5494515,139.733199
防火水槽,防火水槽-043,35.5495676,139.712573
防火水槽,防火水槽-416,35.5495876,139.733696
防火水槽,防火水槽-399,35.5496774,139.768024
防火水槽,防火水槽-334,35.5497335,139.790333
防火水槽,防火水槽-175,35.5497624,139.727519
防火水槽,防火水槽-410,35.5500346,139.72873
防火水槽,防火水槽-201,35.5500899,139.71737
防火水槽,防火水槽-066,35.550165,139.722608
防火水槽,防火水槽-335,35.5502973,139.789725
防火水槽,防火水槽-202,35.5503177,139.719383
防火水槽,防火水槽-256,35.5503213,139.752003
防火水槽,防火水槽-247,35.5504044,139.741912
防火水槽,防火水槽-257,35.5504768,139.748942
防火水槽,防火水槽-258,35.5505019,139.751258
防火水槽,防火水槽-422,35.5506179,139.730901
防火水槽,防火水槽-423,35.5506207,139.730135
防火水槽,防火水槽-336,35.5506586,139.796396
防火水槽,防火水槽-044,35.5506981,139.716211
防火水槽,防火水槽-417,35.5508321,139.739704
防火水槽,防火水槽-418,35.5508765,139.738685
防火水槽,防火水槽-424,35.5509596,139.730907
防火水槽,防火水槽-419,35.5509653,139.736038
防火水槽,防火水槽-045,35.5509897,139.713314
防火水槽,防火水槽-248,35.5511811,139.742013
防火水槽,防火水槽-420,35.5512096,139.733749
防火水槽,防火水槽-046,35.5512147,139.715137
防火水槽,防火水槽-400,35.5512328,139.767829
防火水槽,防火水槽-425,35.551254,139.732288
防火水槽,防火水槽-249,35.5513071,139.743095
防火水槽,防火水槽-401,35.5513215,139.764107
防火水槽,防火水槽-187,35.5513314,139.718636
防火水槽,防火水槽-264,35.5514461,139.749659
防火水槽,防火水槽-337,35.5514635,139.777262
防火水槽,防火水槽-338,35.5514636,139.780653
防火水槽,防火水槽-411,35.5515428,139.728591
防火水槽,防火水槽-412,35.5518093,139.723847
防火水槽,防火水槽-250,35.5518931,139.743728
防火水槽,防火水槽-339,35.5519638,139.788566
防火水槽,防火水槽-426,35.5519984,139.732921
防火水槽,防火水槽-027,35.5520285,139.717203
防火水槽,防火水槽-265,35.5520322,139.748995
防火水槽,防火水槽-188,35.5521203,139.719822
防火水槽,防火水槽-281,35.5521296,139.757627
防火水槽,防火水槽-266,35.5521683,139.750292
防火水槽,防火水槽-208,35.5522543,139.745439
防火水槽,防火水槽-267,35.5522822,139.751506
防火水槽,防火水槽-413,35.552351,139.725666
防火水槽,防火水槽-414,35.5523538,139.728205
防火水槽,防火水槽-268,35.552371,139.749245
防火水槽,防火水槽-340,35.5523915,139.788372
防火水槽,防火水槽-047,35.55252,139.712901
防火水槽,防火水槽-209,35.5525236,139.743454
防火水槽,防火水槽-048,35.5525895,139.713037
防火水槽,防火水槽-402,35.5526075,139.765293
防火水槽,防火水槽-456,35.5526124,139.740062
防火水槽,防火水槽-421,35.5526317,139.735401
防火水槽,防火水槽-269,35.5526849,139.748223
防火水槽,防火水槽-028,35.5527256,139.715325
防火水槽,防火水槽-189,35.5527285,139.719683
防火水槽,防火水槽-210,35.5527959,139.744831
防火水槽,防火水槽-341,35.552797,139.786994
防火水槽,防火水槽-190,35.5528202,139.721419
防火水槽,防火水槽-403,35.5528741,139.760605
防火水槽,防火水槽-342,35.552911,139.792535
防火水槽,防火水槽-211,35.553018,139.742129
防火水槽,防火水槽-191,35.5530702,139.721089
防火水槽,防火水槽-091,35.5530731,139.725197
防火水槽,防火水槽-029,35.5530868,139.717089
防火水槽,防火水槽-212,35.553157,139.745767
防火水槽,防火水槽-270,35.5531627,139.752275
防火水槽,防火水槽-457,35.5531734,139.73576
防火水槽,防火水槽-271,35.5532709,139.74632
防火水槽,防火水槽-272,35.5533626,139.748111
防火水槽,防火水槽-458,35.5534428,139.737165
防火水槽,防火水槽-343,35.5534971,139.794135
防火水槽,防火水槽-469,35.5535982,139.732477
防火水槽,防火水槽-344,35.5536524,139.786414
防火水槽,防火水槽-092,35.5536814,139.72663
防火水槽,防火水槽-273,35.5537237,139.749131
防火水槽,防火水槽-232,35.5538763,139.74359
防火水槽,防火水槽-345,35.5538966,139.776376
防火水槽,防火水槽-030,35.5539199,139.714
防火水槽,防火水槽-213,35.5539235,139.745245
防火水槽,防火水槽-214,35.5541678,139.740031
防火水槽,防火水槽-274,35.5541736,139.748414
防火水槽,防火水槽-095,35.5542201,139.723486
防火水槽,防火水槽-275,35.5542209,139.751642
防火水槽,防火水槽-093,35.5544257,139.725802
防火水槽,防火水槽-031,35.554506,139.714634
防火水槽,防火水槽-096,35.554559,139.722327
防火水槽,防火水槽-097,35.554559,139.724477
防火水槽,防火水槽-346,35.5545996,139.787489
防火水槽,防火水槽-233,35.5546901,139.744773
防火水槽,防火水槽-276,35.5547597,139.75007
防火水槽,防火水槽-459,35.5548427,139.738265
防火水槽,防火水槽-215,35.5548428,139.741162
防火水槽,防火水槽-032,35.5548893,139.71615
防火水槽,防火水槽-460,35.5549509,139.734599
防火水槽,防火水槽-347,35.5549577,139.779217
防火水槽,防火水槽-404,35.5550184,139.767221
防火水槽,防火水槽-277,35.5550541,139.750647
防火水槽,防火水槽-278,35.5550763,139.749214
防火水槽,防火水槽-094,35.5551479,139.726188
防火水槽,防火水槽-234,35.5552095,139.746731
防火水槽,防火水槽-348,35.5552773,139.788647
防火水槽,防火水槽-235,35.5552984,139.747725
防火水槽,防火水槽-349,35.5554578,139.788233
防火水槽,防火水槽-033,35.5554725,139.714025
防火水槽,防火水槽-236,35.5555603,139.746056
防火水槽,防火水槽-350,35.5555659,139.78007
防火水槽,防火水槽-279,35.5555707,139.750178
防火水槽,防火水槽-470,35.5556229,139.730488
防火水槽,防火水槽-237,35.5557039,139.744992
防火水槽,防火水槽-216,35.5557232,139.740856
防火水槽,防火水槽-351,35.5557879,139.77279
防火水槽,防火水槽-238,35.5559733,139.744745
防火水槽,防火水槽-282,35.5560292,139.760244
防火水槽,防火水槽-461,35.5562369,139.734954
防火水槽,防火水槽-098,35.5563393,139.723538
防火水槽,防火水槽-352,35.5563828,139.792508
防火水槽,防火水槽-217,35.5564204,139.741298
防火水槽,防火水槽-462,35.5565536,139.737823
防火水槽,防火水槽-239,35.5570315,139.74342
防火水槽,防火水槽-240,35.5570315,139.744992
防火水槽,防火水槽-353,35.5570577,139.79143
防火水槽,防火水槽-354,35.5571435,139.778856
防火水槽,防火水槽-355,35.5572131,139.784619
防火水槽,防火水槽-356,35.5572575,139.78335
防火水槽,防火水槽-357,35.5572739,139.771715
防火水槽,防火水槽-224,35.5574205,139.751197
防火水槽,防火水槽-089,35.5574699,139.726902
防火水槽,防火水槽-463,35.5576562,139.737021
防火水槽,防火水槽-203,35.5576619,139.741626
防火水槽,防火水槽-358,35.5576793,139.76959
防火水槽,防火水槽-090,35.5577587,139.725024
防火水槽,防火水槽-464,35.5577701,139.735671
防火水槽,防火水槽-452,35.5579005,139.732638
防火水槽,防火水槽-218,35.5580037,139.746645
防火水槽,防火水槽-453,35.5580588,139.732388
防火水槽,防火水槽-450,35.5580946,139.720558
防火水槽,防火水槽-448,35.5581556,139.715731
防火水槽,防火水槽-204,35.5581562,139.739476
防火水槽,防火水槽-454,35.5582365,139.727727
防火水槽,防火水槽-359,35.5583128,139.776787
防火水槽,防火水槽-283,35.558329,139.762171
防火水槽,防火水槽-465,35.5583339,139.738373
防火水槽,防火水槽-451,35.5583418,139.719758
防火水槽,防火水槽-455,35.5583504,139.729741
防火水槽,防火水槽-360,35.5585629,139.782467
防火水槽,防火水槽-225,35.5586342,139.747611
防火水槽,防火水槽-466,35.5586728,139.738012
防火水槽,防火水槽-361,35.5586739,139.777806
防火水槽,防火水槽-219,35.5587925,139.746534
防火水槽,防火水槽-467,35.5588283,139.735807
防火水槽,防火水槽-362,35.5589047,139.788038
防火水槽,防火水槽-449,35.5589444,139.714958
防火水槽,防火水槽-220,35.559059,139.74372
防火水槽,防火水槽-443,35.5592223,139.720861
防火水槽,防火水槽-363,35.5594655,139.78175
防火水槽,防火水槽-468,35.559506,139.737268
防火水槽,防火水槽-284,35.5596151,139.76421
防火水槽,防火水槽-435,35.5596665,139.715508
防火水槽,防火水槽-436,35.5596694,139.717439
防火水槽,防火水槽-444,35.5596945,139.721188
防火水槽,防火水槽-226,35.5597396,139.747111
防火水槽,防火水槽-364,35.5598518,139.789913
防火水槽,防火水槽-365,35.5599318,139.769837
防火水槽,防火水槽-437,35.5600082,139.718294
防火水槽,防火水槽-221,35.5600284,139.744189
防火水槽,防火水槽-227,35.5601007,139.748628
防火水槽,防火水槽-205,35.5601171,139.740492
防火水槽,防火水槽-228,35.5602146,139.750394
防火水槽,防火水槽-366,35.5602544,139.782467
防火水槽,防火水槽-229,35.5602562,139.748464
防火水槽,防火水槽-230,35.560259,139.748572
防火水槽,防火水槽-487,35.5602748,139.714156
防火水槽,防火水槽-231,35.5603035,139.750339
防火水槽,防火水槽-222,35.560345,139.745981
防火水槽,防火水槽-206,35.5605449,139.740631
防火水槽,防火水槽-207,35.5605449,139.741953
防火水槽,防火水槽-285,35.5606009,139.75668
防火水槽,防火水槽-438,35.5607971,139.718816
防火水槽,防火水槽-223,35.5608394,139.744548
防火水槽,防火水槽-367,35.5608626,139.780867
防火水槽,防火水槽-488,35.5611273,139.710542
防火水槽,防火水槽-244,35.5611417,139.726124
防火水槽,防火水槽-445,35.561161,139.722319
防火水槽,防火水槽-439,35.5611775,139.717575
防火水槽,防火水槽-368,35.5612681,139.779792
防火水槽,防火水槽-055,35.5612836,139.736107
防火水槽,防火水槽-446,35.5614082,139.722013
防火水槽,防火水槽-489,35.561419,139.710542
防火水槽,防火水槽-286,35.5614341,139.754944
防火水槽,防火水槽-245,35.5615056,139.729185
防火水槽,防火水槽-109,35.5615586,139.738948
防火水槽,防火水槽-440,35.5615636,139.718897
防火水槽,防火水槽-058,35.5615751,139.733348
防火水槽,防火水槽-369,35.5617817,139.772895
防火水槽,防火水槽-447,35.5618137,139.723752
防火水槽,防火水槽-059,35.5618917,139.73299
防火水槽,防火水槽-441,35.5619183,139.720931
防火水槽,防火水槽-405,35.5620288,139.768484
防火水槽,防火水槽-370,35.5620599,139.788338
防火水槽,防火水槽-118,35.5622142,139.741237
防火水槽,防火水槽-371,35.5622153,139.785691
防火水槽,防火水槽-060,35.5623861,139.731665
防火水槽,防火水槽-056,35.5624334,139.734837
防火水槽,防火水槽-110,35.5624363,139.737981
防火水槽,防火水槽-122,35.5624643,139.747717
防火水槽,防火水槽-430,35.5624914,139.723641
防火水槽,防火水槽-119,35.5625753,139.743661
防火水槽,防火水槽-475,35.5626133,139.711147
防火水槽,防火水槽-246,35.5626749,139.728302
防火水槽,防火水槽-120,35.5628031,139.746944
防火水槽,防火水槽-476,35.5630855,139.710484
防火水槽,防火水槽-121,35.5632473,139.740242
防火水槽,防火水槽-442,35.5632967,139.719172
防火水槽,防火水槽-102,35.5633304,139.731665
防火水槽,防火水槽-431,35.5633942,139.725349
防火水槽,防火水槽-427,35.5634579,139.720055
防火水槽,防火水槽-103,35.5634694,139.733015
防火水槽,防火水槽-111,35.5636306,139.73922
防火水槽,防火水槽-112,35.5638334,139.739109
防火水槽,防火水槽-406,35.5638758,139.768151
防火水槽,防火水槽-241,35.5639609,139.72921
防火水槽,防火水槽-113,35.5640834,139.739773
防火水槽,防火水槽-432,35.5643384,139.722671
防火水槽,防火水槽-372,35.5643509,139.775017
防火水槽,防火水槽-114,35.5645112,139.742806
防火水槽,防火水槽-407,35.5647119,139.772426
防火水槽,防火水槽-242,35.5647274,139.728382
防火水槽,防火水槽-123,35.5648085,139.747161
防火水槽,防火水槽-490,35.5648908,139.711861
防火水槽,防火水槽-373,35.5648984,139.785855
防火水槽,防火水槽-104,35.5649109,139.734254
防火水槽,防火水槽-491,35.5649324,139.709103
防火水槽,防火水槽-105,35.565022,139.733179
防火水槽,防火水槽-057,35.5650248,139.736076
防火水槽,防火水槽-481,35.5651853,139.714178
防火水槽,防火水槽-125,35.5652362,139.746197
防火水槽,防火水槽-428,35.5653049,139.719002
防火水槽,防火水槽-482,35.5653214,139.714755
防火水槽,防火水槽-483,35.5654353,139.714755
防火水槽,防火水槽-126,35.5654612,139.747575
防火水槽,防火水槽-484,35.5655492,139.715666
防火水槽,防火水槽-485,35.5655714,139.71575
防火水槽,防火水槽-492,35.5656352,139.711364
防火水槽,防火水槽-115,35.5656416,139.744983
防火水槽,防火水槽-127,35.5656861,139.746636
防火水槽,防火水槽-128,35.5657305,139.745314
防火水槽,防火水槽-129,35.5658,139.746278
防火水槽,防火水槽-116,35.5658888,139.744375
防火水槽,防火水槽-124,35.5659362,139.748566
防火水槽,防火水槽-243,35.5659439,139.728435
防火水槽,防火水槽-408,35.5661978,139.769473
防火水槽,防火水槽-106,35.5663746,139.732046
防火水槽,防火水槽-433,35.5665465,139.723524
防火水槽,防火水槽-374,35.5666729,139.777167
防火水槽,防火水槽-117,35.5667414,139.741148
防火水槽,防火水槽-409,35.5669866,139.770878
防火水槽,防火水槽-434,35.5669993,139.725152
防火水槽,防火水槽-107,35.5670523,139.735106
防火水槽,防火水槽-130,35.5670832,139.746939
防火水槽,防火水槽-429,35.5676713,139.721069
防火水槽,防火水槽-108,35.56768,139.731879
防火水槽,防火水槽-486,35.5677989,139.712958
防火水槽,防火水槽-131,35.5679636,139.74578
防火水槽,防火水槽-132,35.5683663,139.744731
防火水槽,防火水槽-158,35.5684909,139.729673
防火水槽,防火水槽-099,35.5685633,139.734995
防火水槽,防火水槽-375,35.5687892,139.771567
防火水槽,防火水槽-159,35.5688019,139.725149
防火水槽,防火水槽-160,35.5690046,139.724679
防火水槽,防火水槽-376,35.5692199,139.777442
防火水槽,防火水槽-141,35.5692518,139.723135
防火水槽,防火水槽-493,35.5693987,139.712186
防火水槽,防火水槽-477,35.5695069,139.709536
防火水槽,防火水槽-100,35.5695297,139.731104
防火水槽,防火水槽-478,35.569643,139.709453
防火水槽,防火水槽-153,35.5697519,139.729754
防火水槽,防火水槽-479,35.5697763,139.707992
防火水槽,防火水槽-142,35.5698099,139.71963
防火水槽,防火水槽-494,35.569921,139.716541
防火水槽,防火水槽-480,35.5700485,139.708047
防火水槽,防火水槽-471,35.5702542,139.713011
防火水槽,防火水槽-472,35.5705071,139.718058
防火水槽,防火水槽-473,35.5707291,139.713839
防火水槽,防火水槽-015,35.5710264,139.718527
防火水槽,防火水槽-154,35.5712822,139.725146
防火水槽,防火水槽-155,35.5712822,139.727104
防火水槽,防火水槽-101,35.5714018,139.733337
防火水槽,防火水槽-161,35.5716626,139.722993
防火水槽,防火水槽-156,35.5717099,139.72644
防火水槽,防火水槽-162,35.5718876,139.721918
防火水槽,防火水槽-016,35.572018,139.718938
防火水槽,防火水槽-157,35.5721183,139.728701
防火水槽,防火水槽-163,35.5722042,139.723849
防火水槽,防火水槽-164,35.5724958,139.722221
防火水槽,防火水槽-165,35.572743,139.721338
防火水槽,防火水槽-166,35.5728791,139.723296
防火水槽,防火水槽-017,35.5729874,139.71946
防火水槽,防火水槽-167,35.5731486,139.722991
防火水槽,防火水槽-474,35.573251,139.7124
防火水槽,防火水槽-018,35.5732983,139.713614
防火水槽,防火水槽-143,35.5733097,139.726521
防火水槽,防火水槽-144,35.5733599,139.733031
防火水槽,防火水槽-145,35.5734459,139.727571
防火水槽,防火水槽-168,35.5735096,139.721335
防火水槽,防火水槽-019,35.5742705,139.716647
防火水槽,防火水槽-146,35.5742791,139.72721
防火水槽,防火水槽-147,35.5742848,139.731431
防火水槽,防火水槽-006,35.5744095,139.720452
防火水槽,防火水槽-169,35.5745456,139.721721
防火水槽,防火水槽-148,35.5745513,139.728176
防火水槽,防火水槽-149,35.5748902,139.730851
防火水槽,防火水槽-004,35.5749232,139.715844
防火水槽,防火水槽-007,35.5749927,139.71808
防火水槽,防火水槽-005,35.5750342,139.714936
防火水槽,防火水槽-133,35.5752678,139.724065
防火水槽,防火水槽-150,35.576015,139.728118
防火水槽,防火水槽-134,35.5760594,139.725662
防火水槽,防火水槽-135,35.576101,139.72354
防火水槽,防火水槽-008,35.5762787,139.720174
防火水槽,防火水槽-151,35.5762902,139.734406
防火水槽,防火水槽-009,35.5765259,139.719263
防火水槽,防火水槽-136,35.5770925,139.722571
防火水槽,防火水槽-010,35.5771785,139.717083
防火水槽,防火水槽-137,35.577723,139.723179
防火水槽,防火水槽-020,35.5778506,139.714102
防火水槽,防火水槽-138,35.5779981,139.726515
防火水槽,防火水槽-152,35.5780898,139.729826
防火水槽,防火水槽-023,35.578145,139.71606
防火水槽,防火水槽-021,35.5786588,139.712336
防火水槽,防火水槽-022,35.5788615,139.710544
防火水槽,防火水槽-011,35.579009,139.722571
防火水槽,防火水槽-139,35.5792813,139.726596
防火水槽,防火水槽-024,35.5794338,139.718763
防火水槽,防火水槽-025,35.5797448,139.715396
防火水槽,防火水槽-140,35.5800673,139.724223
防火水槽,防火水槽-001,35.5810337,139.719504
防火水槽,防火水槽-002,35.5811226,139.719807
防火水槽,防火水槽-012,35.5817029,139.712138
防火水槽,防火水槽-013,35.5817695,139.712413
防火水槽,防火水槽-014,35.5817861,139.707422
防火水槽,防火水槽-003,35.5823168,139.718235
防火水槽,防火水槽-026,35.582539,139.716166
